Workbook

Sheet BASETRANSPORTE
A1: Data | B1: Frota | C1: Modelo | D1: Toneladas | E1: Total Viagens | F1: Toneladas por viagem | G1: Distancia Média | H1: EMPRESA | I1: Mês
A2: 46129 | B2: 2066 | C2: 115-MB AXOR 3340 6X4 | D2: 461.14 | E2: 8 | F2: 57.643 | G2: 1 | H2: =IF(B2="","",VLOOKUP(B2,[1]BASEEMPRESA!$A$2:$AAA$11936,2)) -> NDB HOLDING AGRICOLA LTDA - MATRIZ | I2: =TEXT(A2,"mmm") -> abr
A3: 46129 | B3: 2067 | C3: 115-MB AXOR 3340 6X4 | D3: 481.08 | E3: 8 | F3: 60.135 | G3: 1 | H3: =IF(B3="","",VLOOKUP(B3,[1]BASEEMPRESA!$A$2:$AAA$11936,2)) -> NDB HOLDING AGRICOLA LTDA - MATRIZ | I3: =TEXT(A3,"mmm") -> abr
A4: 46129 | B4: 2107 | C4: 115-MB AXOR 3340 6X4 | D4: 413.18 | E4: 7 | F4: 59.026 | G4: 1.301 | H4: =IF(B4="","",VLOOKUP(B4,[1]BASEEMPRESA!$A$2:$AAA$11936,2)) -> NDB HOLDING AGRICOLA LTDA - MATRIZ | I4: =TEXT(A4,"mmm") -> abr
A5: 46129 | B5: 7004 | C5: 850-TER MB AXOR 3344 6X4 | D5: 128.72 | E5: 2 | F5: 64.36 | G5: 47.596 | H5: =IF(B5="","",VLOOKUP(B5,[1]BASEEMPRESA!$A$2:$AAA$11936,2)) -> EMERSON LUIS MORO | I5: =TEXT(A5,"mmm") -> abr
A6: 46129 | B6: 7007 | C6: 852-TER MB AXOR 3340 S 6X4 | D6: 136.34 | E6: 2 | F6: 68.17 | G6: 48.081 | H6: =IF(B6="","",VLOOKUP(B6,[1]BASEEMPRESA!$A$2:$AAA$11936,2)) -> MVS TRANSPORTE LTDA | I6: =TEXT(A6,"mmm") -> abr
A7: 46129 | B7: 7008 | C7: 850-TER MB AXOR 3344 6X4 | D7: 130.64 | E7: 2 | F7: 65.32 | G7: 24.553 | H7: =IF(B7="","",VLOOKUP(B7,[1]BASEEMPRESA!$A$2:$AAA$11936,2)) -> E L DE OLIVEIRA JUNIOR EDIMAR TRANSPORTES | I7: =TEXT(A7,"mmm") -> abr
A8: 46129 | B8: 7010 | C8: 850-TER MB AXOR 3344 6X4 | D8: 58.54 | E8: 1 | F8: 58.54 | G8: 41.75 | H8: =IF(B8="","",VLOOKUP(B8,[1]BASEEMPRESA!$A$2:$AAA$11936,2)) -> BAYER LOGISTICA E TRANSPORTES LTDA | I8: =TEXT(A8,"mmm") -> abr
A9: 46129 | B9: 7017 | C9: 850-TER MB AXOR 3344 6X4 | D9: 64.8 | E9: 1 | F9: 64.8 | G9: 58 | H9: =IF(B9="","",VLOOKUP(B9,[1]BASEEMPRESA!$A$2:$AAA$11936,2)) -> BAYER LOGISTICA E TRANSPORTES LTDA | I9: =TEXT(A9,"mmm") -> abr
A10: 46129 | B10: 7018 | C10: 850-TER MB AXOR 3344 6X4 | D10: 65.64 | E10: 1 | F10: 65.64 | G10: 3 | H10: =IF(B10="","",VLOOKUP(B10,[1]BASEEMPRESA!$A$2:$AAA$11936,2)) -> SC MANUTENCOES LTDA | I10: =TEXT(A10,"mmm") -> abr
A11: 46129 | B11: 7021 | C11: 850-TER MB AXOR 3344 6X4 | D11: 120.62 | E11: 2 | F11: 60.31 | G11: 15 | H11: =IF(B11="","",VLOOKUP(B11,[1]BASEEMPRESA!$A$2:$AAA$11936,2)) -> NEIA TRANSPORTES LTDA | I11: =TEXT(A11,"mmm") -> abr
A12: 46129 | B12: 7032 | C12: 850-TER MB AXOR 3344 6X4 | D12: 114.92 | E12: 2 | F12: 57.46 | G12: 49.807 | H12: =IF(B12="","",VLOOKUP(B12,[1]BASEEMPRESA!$A$2:$AAA$11936,2)) -> REGINA M. DOS S. SILVA CARGAS | I12: =TEXT(A12,"mmm") -> abr
A13: 46129 | B13: 7033 | C13: 850-TER MB AXOR 3344 6X4 | D13: 124.96 | E13: 2 | F13: 62.48 | G13: 23.422 | H13: =IF(B13="","",VLOOKUP(B13,[1]BASEEMPRESA!$A$2:$AAA$11936,2)) -> E L DE OLIVEIRA JUNIOR EDIMAR TRANSPORTES | I13: =TEXT(A13,"mmm") -> abr
... A875: 46143 | B875: 7355 | C875: 850-TER MB AXOR 3344 6X4 | D875: 185.3 | E875: 3 | F875: 61.767 | G875: 22.73 | H875: =IF(B875="","",VLOOKUP(B875,[1]BASEEMPRESA!$A$2:$AAA$11936,2)) -> WESLEI M DOS SANTOS | I875: =TEXT(A875,"mmm") -> mai
A876: 46143 | B876: 7364 | C876: 850-TER MB AXOR 3344 6X4 | D876: =244.88-9.18 -> 235.7 | E876: 4 | F876: 61.22 | G876: 10 | H876: =IF(B876="","",VLOOKUP(B876,[1]BASEEMPRESA!$A$2:$AAA$11936,2)) -> TRANSPORTADORA GLOBAL LOGISTICA LTDA | I876: =TEXT(A876,"mmm") -> mai
A877: 46143 | B877: 7367 | C877: 850-TER MB AXOR 3344 6X4 | D877: 56.92 | E877: 1 | F877: 56.92 | G877: 83 | H877: =IF(B877="","",VLOOKUP(B877,[1]BASEEMPRESA!$A$2:$AAA$11936,2)) -> JOSE HELIO SILVA SANTOS | I877: =TEXT(A877,"mmm") -> mai
A878: 46143 | B878: 7370 | C878: 850-TER MB AXOR 3344 6X4 | D878: 177.12 | E878: 3 | F878: 59.04 | G878: 37.833 | H878: =IF(B878="","",VLOOKUP(B878,[1]BASEEMPRESA!$A$2:$AAA$11936,2)) -> JOSE HELIO SILVA SANTOS | I878: =TEXT(A878,"mmm") -> mai
A879: 46143 | B879: 7373 | C879: 855-TER SCANIA G 440 A 6X4 | D879: 118.14 | E879: 2 | F879: 59.07 | G879: 12.417 | H879: =IF(B879="","",VLOOKUP(B879,[1]BASEEMPRESA!$A$2:$AAA$11936,2)) -> BARBOSA TRANSPORTES E LOGISTICA LTDA | I879: =TEXT(A879,"mmm") -> mai
A880: 46143 | B880: 7381 | C880: 938-TER VOLVO/FM12 420 6X4T | D880: 191.8 | E880: 3 | F880: 63.933 | G880: 13.37 | H880: =IF(B880="","",VLOOKUP(B880,[1]BASEEMPRESA!$A$2:$AAA$11936,2)) -> TRANSPORTE FUMACINHA LTDA | I880: =TEXT(A880,"mmm") -> mai
A881: 46144 | B881: 2066 | C881: 115-MB AXOR 3340 6X4 | D881: 467.44 | E881: 8 | F881: 58.43 | G881: 1 | H881: =IF(B881="","",VLOOKUP(B881,[1]BASEEMPRESA!$A$2:$AAA$11936,2)) -> NDB HOLDING AGRICOLA LTDA - MATRIZ | I881: =TEXT(A881,"mmm") -> mai
A882: 46144 | B882: 2067 | C882: 115-MB AXOR 3340 6X4 | D882: 413.06 | E882: 7 | F882: 59.009 | G882: 1 | H882: =IF(B882="","",VLOOKUP(B882,[1]BASEEMPRESA!$A$2:$AAA$11936,2)) -> NDB HOLDING AGRICOLA LTDA - MATRIZ | I882: =TEXT(A882,"mmm") -> mai
A883: 46144 | B883: 2107 | C883: 115-MB AXOR 3340 6X4 | D883: 294.82 | E883: 5 | F883: 58.964 | G883: 2.94 | H883: =IF(B883="","",VLOOKUP(B883,[1]BASEEMPRESA!$A$2:$AAA$11936,2)) -> NDB HOLDING AGRICOLA LTDA - MATRIZ | I883: =TEXT(A883,"mmm") -> mai
A884: 46144 | B884: 2108 | C884: 115-MB AXOR 3340 6X4 | D884: 412.86 | E884: 7 | F884: 58.98 | G884: 2.365 | H884: =IF(B884="","",VLOOKUP(B884,[1]BASEEMPRESA!$A$2:$AAA$11936,2)) -> NDB HOLDING AGRICOLA LTDA - MATRIZ | I884: =TEXT(A884,"mmm") -> mai
A885: 46144 | B885: 7004 | C885: 850-TER MB AXOR 3344 6X4 | D885: 119.22 | E885: 2 | F885: 59.61 | G885: 68.194 | H885: =IF(B885="","",VLOOKUP(B885,[1]BASEEMPRESA!$A$2:$AAA$11936,2)) -> EMERSON LUIS MORO | I885: =TEXT(A885,"mmm") -> mai
A886: 46144 | B886: 7005 | C886: 850-TER MB AXOR 3344 6X4 | D886: 118.68 | E886: 2 | F886: 59.34 | G886: 83 | H886: =IF(B886="","",VLOOKUP(B886,[1]BASEEMPRESA!$A$2:$AAA$11936,2)) -> RENE PINA DE ALMEIDA | I886: =TEXT(A886,"mmm") -> mai
A887: 46144 | B887: 7006 | C887: 852-TER MB AXOR 3340 S 6X4 | D887: 194.2 | E887: 3 | F887: 64.733 | G887: 36.91 | H887: =IF(B887="","",VLOOKUP(B887,[1]BASEEMPRESA!$A$2:$AAA$11936,2)) -> INAMARQUE SOUZA MACHADO | I887: =TEXT(A887,"mmm") -> mai
A888: 46144 | B888: 7007 | C888: 852-TER MB AXOR 3340 S 6X4 | D888: 181.38 | E888: 3 | F888: 60.46 | G888: 29.002 | H888: =IF(B888="","",VLOOKUP(B888,[1]BASEEMPRESA!$A$2:$AAA$11936,2)) -> MVS TRANSPORTE LTDA | I888: =TEXT(A888,"mmm") -> mai
... A5967: 46219 | B5967: 7404 | C5967: 850-TER MB AXOR 3344 6X4 | D5967: 123.42 | E5967: 2 | F5967: 61.71 | G5967: 66 | H5967: =IF(B5967="","",VLOOKUP(B5967,[1]BASEEMPRESA!$A$2:$AAA$11936,2)) -> RSL TRANSPORTES LTDA | I5967: =TEXT(A5967,"mmm") -> jul

Sheet DISPONIBILIDADE
A1: Equipamento | B1: Corporativo | C1: Unidade | D1: Tipo Equipamento | E1: Frente | F1: Operador | G1: Disponibilidade Mecânica
A2: 3051 | B2: ALCON | C2: Colhedora | D2: Frente 1 | E2: CASE 9900 | F2: -1 - * não definido * | G2: 1
A3: 3052 | B3: ALCON | C3: Colhedora | D3: Frente 1 | E3: CASE 9900 | F3: 702299 - RAIMUNDO FAGNO CASSQUI DE JESUS | G3: 1
A4: 3052 | B4: ALCON | C4: Colhedora | D4: Frente 1 | E4: CASE 9900 | F4: 9999 - * não definido * | G4: 1
A5: 3053 | B5: ALCON | C5: Colhedora | D5: Frente 1 | E5: CASE 9900 | F5: 9999 - * não definido * | G5: 1
A6: 3019 | B6: ALCON | C6: Colhedora | D6: Frente 2 | E6: John Deere CH 570 | F6: -1 - * não definido * | G6: 1
A7: 3020 | B7: ALCON | C7: Colhedora | D7: Frente 2 | E7: John Deere CH 570 | F7: 5253 - TALLYS JHONE COSVOSK PEDREIRA | G7: 1
A8: 3020 | B8: ALCON | C8: Colhedora | D8: Frente 2 | E8: John Deere CH 570 | F8: 9999 - * não definido * | G8: 1
A9: 3021 | B9: ALCON | C9: Colhedora | D9: Frente 2 | E9: John Deere CH 570 | F9: -1 - * não definido * | G9: 1
A10: 3021 | B10: ALCON | C10: Colhedora | D10: Frente 2 | E10: John Deere CH 570 | F10: 702410 - FLAVIO CLAUDIANO DE SOUZA | G10: 1
A11: 3021 | B11: ALCON | C11: Colhedora | D11: Frente 2 | E11: John Deere CH 570 | F11: 9999 - * não definido * | G11: 1
A12: 3022 | B12: ALCON | C12: Colhedora | D12: Frente 2 | E12: John Deere CH 570 | F12: -1 - * não definido * | G12: 1
A13: 3023 | B13: ALCON | C13: Colhedora | D13: Frente 3 | E13: John Deere CH 570 | F13: -1 - * não definido * | G13: 1
... A1000: 4139 | B1000: ALCON | C1000: TRANSBORDO | D1000: FRENTE 8 | E1000: John Deere 7210 | F1000: 3360 - ISRAEL JESUS DA SILVA | G1000: 0

Sheet Mes
B1: MÊS | C1: INICIO | D1: FIM | E1: DIAS | F1: MOAGEM
A2: 4 | B2: Abril | C2: 45748 | D2: 45777 | E2: =D2-C2+1 -> 30 | F2: 30
A3: 5 | B3: Maio | C3: 45778 | D3: 45808 | E3: =D3-C3+1 -> 31 | F3: 31
A4: 6 | B4: Junho | C4: 45809 | D4: 45838 | E4: =D4-C4+1 -> 30 | F4: 30
A5: 7 | B5: Julho | C5: 45839 | D5: 45869 | E5: =D5-C5+1 -> 31 | F5: 31
A6: 8 | B6: Agosto | C6: 45870 | D6: 45900 | E6: =D6-C6+1 -> 31 | F6: 31
A7: 9 | B7: Setembro | C7: 45901 | D7: 45930 | E7: =D7-C7+1 -> 30 | F7: 24
A8: 10 | B8: Outubro | C8: 45931 | D8: 45961 | E8: =D8-C8+1 -> 31 | F8: 26
A9: 11 | B9: Novembro | C9: 45962 | D9: 45991 | E9: =D9-C9+1 -> 30 | F9: 27
A10: 12 | B10: Dezembro | C10: 45992 | D10: 46022 | E10: =D10-C10+1 -> 31 | F10: 26 | I10: =TODAY() -> 46224
A11: 1 | B11: Janeiro | C11: 46023 | D11: 46053 | E11: =D11-C11+1 -> 31 | F11: =I11-C11+1 -> 202 | I11: =TODAY() -> 46224
A12: 2 | B12: Fevereiro | C12: 46054 | D12: 46081 | E12: =D12-C12+1 -> 28 | F12: =I12-C12+1 -> 171 | I12: =TODAY() -> 46224
A13: 3 | B13: Março | C13: 46082 | D13: 46112 | E13: =D13-C13+1 -> 31 | F13: =I13-C13+1 -> 143 | I13: =TODAY() -> 46224
B14: TOTAL | C14: 45748 | D14: 46101 | E14: =D14-C14+1 -> 354 | F14: =TODAY()-C14 -> 476 | I14: =TODAY() -> 46224

Sheet Plan4
A3: Rótulos de Linha | B3: Soma de Toneladas
A4: abr | B4: 144240.25
A5: mai | B5: 326148.25
A6: jun | B6: 307979.99
A7: (vazio)
A8: Total geral | B8: 778368.49

Sheet BASECOLHEDORA
A1: Data | B1: Frota | C1: Modelo | D1: COD_PROPRIETARIO | E1: PROPRIETARIO | F1: Toneladas | G1: Total Cargas | H1: Média Carga | I1: FRENTE
A2: 46129 | B2: 3019 | C2: 100-JOHN DEERE CH570 ESTEIRA | D2: 4533 | E2: NDB HOLDING AGRICOLA LTDA - MATRIZ | F2: 358.12 | G2: 22 | H2: 16.28 | I2: =IF(B2="","",VLOOKUP(B2,[1]BASEDIESEL!$A$2:$AAA$11770,6)) -> FRENTE-02
A3: 46129 | B3: 3020 | C3: 100-JOHN DEERE CH570 ESTEIRA | D3: 4533 | E3: NDB HOLDING AGRICOLA LTDA - MATRIZ | F3: 273.79 | G3: 18 | H3: 15.21 | I3: =IF(B3="","",VLOOKUP(B3,[1]BASEDIESEL!$A$2:$AAA$11770,6)) -> FRENTE-02
A4: 46129 | B4: 3021 | C4: 100-JOHN DEERE CH570 ESTEIRA | D4: 4533 | E4: NDB HOLDING AGRICOLA LTDA - MATRIZ | F4: 342.405 | G4: 21 | H4: 16.31 | I4: =IF(B4="","",VLOOKUP(B4,[1]BASEDIESEL!$A$2:$AAA$11770,6)) -> FRENTE-02
A5: 46129 | B5: 3022 | C5: 100-JOHN DEERE CH570 ESTEIRA | D5: 4533 | E5: NDB HOLDING AGRICOLA LTDA - MATRIZ | F5: 318.945 | G5: 19 | H5: 16.79 | I5: =IF(B5="","",VLOOKUP(B5,[1]BASEDIESEL!$A$2:$AAA$11770,6)) -> FRENTE-02
A6: 46129 | B6: 3023 | C6: 100-JOHN DEERE CH570 ESTEIRA | D6: 4533 | E6: NDB HOLDING AGRICOLA LTDA - MATRIZ | F6: 394.958 | G6: 18 | H6: 21.94 | I6: =IF(B6="","",VLOOKUP(B6,[1]BASEDIESEL!$A$2:$AAA$11770,6)) -> FRENTE-03
A7: 46129 | B7: 3024 | C7: 100-JOHN DEERE CH570 ESTEIRA | D7: 4533 | E7: NDB HOLDING AGRICOLA LTDA - MATRIZ | F7: 206.498 | G7: 11 | H7: 18.77 | I7: =IF(B7="","",VLOOKUP(B7,[1]BASEDIESEL!$A$2:$AAA$11770,6)) -> FRENTE-03
A8: 46129 | B8: 3025 | C8: 100-JOHN DEERE CH570 ESTEIRA | D8: 4533 | E8: NDB HOLDING AGRICOLA LTDA - MATRIZ | F8: 156.295 | G8: 8 | H8: 19.54 | I8: =IF(B8="","",VLOOKUP(B8,[1]BASEDIESEL!$A$2:$AAA$11770,6)) -> FRENTE-03
A9: 46129 | B9: 3026 | C9: 100-JOHN DEERE CH570 ESTEIRA | D9: 4533 | E9: NDB HOLDING AGRICOLA LTDA - MATRIZ | F9: 44.069 | G9: 3 | H9: 14.69 | I9: =IF(B9="","",VLOOKUP(B9,[1]BASEDIESEL!$A$2:$AAA$11770,6)) -> FRENTE-03
A10: 46129 | B10: 3027 | C10: 101-JOHN DEERE CH670 ESTEIRA | D10: 4533 | E10: NDB HOLDING AGRICOLA LTDA - MATRIZ | F10: 234.582 | G10: 12 | H10: 19.55 | I10: =IF(B10="","",VLOOKUP(B10,[1]BASEDIESEL!$A$2:$AAA$11770,6)) -> FRENTE-04
A11: 46129 | B11: 3028 | C11: 101-JOHN DEERE CH670 ESTEIRA | D11: 4533 | E11: NDB HOLDING AGRICOLA LTDA - MATRIZ | F11: 369.636 | G11: 14 | H11: 26.4 | I11: =IF(B11="","",VLOOKUP(B11,[1]BASEDIESEL!$A$2:$AAA$11770,6)) -> FRENTE-06
A12: 46129 | B12: 3029 | C12: 101-JOHN DEERE CH670 ESTEIRA | D12: 4533 | E12: NDB HOLDING AGRICOLA LTDA - MATRIZ | F12: 281.76 | G12: 10 | H12: 28.18 | I12: =IF(B12="","",VLOOKUP(B12,[1]BASEDIESEL!$A$2:$AAA$11770,6)) -> FRENTE-07
A13: 46129 | B13: 3030 | C13: 101-JOHN DEERE CH670 ESTEIRA | D13: 4533 | E13: NDB HOLDING AGRICOLA LTDA - MATRIZ | F13: 167.978 | G13: 9 | H13: 18.66 | I13: =IF(B13="","",VLOOKUP(B13,[1]BASEDIESEL!$A$2:$AAA$11770,6)) -> FRENTE-07
... A1726: 46189 | B1726: 3045 | C1726: 100-JOHN DEERE CH570 ESTEIRA | D1726: 4533 | E1726: NDB HOLDING AGRICOLA LTDA - MATRIZ | F1726: 440.002 | G1726: 27 | H1726: 16.3 | I1726: =IF(B1726="","",VLOOKUP(B1726,[1]BASEDIESEL!$A$2:$AAA$11770,6)) -> FRENTE-07
A1727: 46189 | B1727: 3033 | C1727: 101-JOHN DEERE CH670 ESTEIRA | D1727: 4533 | E1727: NDB HOLDING AGRICOLA LTDA - MATRIZ | F1727: =226.268+69.82 -> 296.088 | G1727: 16 | H1727: 14.14 | I1727: =IF(B1727="","",VLOOKUP(B1727,[1]BASEDIESEL!$A$2:$AAA$11770,6)) -> FRENTE-07
A1728: 46190 | B1728: 3051 | C1728: 201-CASE A9900 ESTEIRA | D1728: 1 | E1728: ALCON CIA DE ALCOOL CONCEICAO DA BARRA | F1728: 782.63 | G1728: 49 | H1728: 15.97 | I1728: =IF(B1728="","",VLOOKUP(B1728,[1]BASEDIESEL!$A$2:$AAA$11770,6)) -> FRENTE-01
A1729: 46190 | B1729: 3052 | C1729: 201-CASE A9900 ESTEIRA | D1729: 1 | E1729: ALCON CIA DE ALCOOL CONCEICAO DA BARRA | F1729: 797.97 | G1729: 48 | H1729: 16.62 | I1729: =IF(B1729="","",VLOOKUP(B1729,[1]BASEDIESEL!$A$2:$AAA$11770,6)) -> FRENTE-01
A1730: 46190 | B1730: 3053 | C1730: 201-CASE A9900 ESTEIRA | D1730: 1 | E1730: ALCON CIA DE ALCOOL CONCEICAO DA BARRA | F1730: 782.895 | G1730: 48 | H1730: 16.31 | I1730: =IF(B1730="","",VLOOKUP(B1730,[1]BASEDIESEL!$A$2:$AAA$11770,6)) -> FRENTE-01
A1731: 46190 | B1731: 3054 | C1731: 201-CASE A9900 ESTEIRA | D1731: 1 | E1731: ALCON CIA DE ALCOOL CONCEICAO DA BARRA | F1731: 632.365 | G1731: 39 | H1731: 16.21 | I1731: =IF(B1731="","",VLOOKUP(B1731,[1]BASEDIESEL!$A$2:$AAA$11770,6)) -> FRENTE-01
A1732: 46190 | B1732: 3019 | C1732: 100-JOHN DEERE CH570 ESTEIRA | D1732: 4533 | E1732: NDB HOLDING AGRICOLA LTDA - MATRIZ | F1732: 651.1 | G1732: 37 | H1732: 17.6 | I1732: =IF(B1732="","",VLOOKUP(B1732,[1]BASEDIESEL!$A$2:$AAA$11770,6)) -> FRENTE-02
A1733: 46190 | B1733: 3020 | C1733: 100-JOHN DEERE CH570 ESTEIRA | D1733: 4533 | E1733: NDB HOLDING AGRICOLA LTDA - MATRIZ | F1733: 741.74 | G1733: 42 | H1733: 17.66 | I1733: =IF(B1733="","",VLOOKUP(B1733,[1]BASEDIESEL!$A$2:$AAA$11770,6)) -> FRENTE-02
A1734: 46190 | B1734: 3021 | C1734: 100-JOHN DEERE CH570 ESTEIRA | D1734: 4533 | E1734: NDB HOLDING AGRICOLA LTDA - MATRIZ | F1734: 483.245 | G1734: 30 | H1734: 16.11 | I1734: =IF(B1734="","",VLOOKUP(B1734,[1]BASEDIESEL!$A$2:$AAA$11770,6)) -> FRENTE-02
A1735: 46190 | B1735: 3022 | C1735: 100-JOHN DEERE CH570 ESTEIRA | D1735: 4533 | E1735: NDB HOLDING AGRICOLA LTDA - MATRIZ | F1735: 445.295 | G1735: 29 | H1735: 15.36 | I1735: =IF(B1735="","",VLOOKUP(B1735,[1]BASEDIESEL!$A$2:$AAA$11770,6)) -> FRENTE-02
A1736: 46190 | B1736: 3023 | C1736: 100-JOHN DEERE CH570 ESTEIRA | D1736: 4533 | E1736: NDB HOLDING AGRICOLA LTDA - MATRIZ | F1736: 338.118 | G1736: 19 | H1736: 17.8 | I1736: =IF(B1736="","",VLOOKUP(B1736,[1]BASEDIESEL!$A$2:$AAA$11770,6)) -> FRENTE-03
A1737: 46190 | B1737: 3024 | C1737: 100-JOHN DEERE CH570 ESTEIRA | D1737: 4533 | E1737: NDB HOLDING AGRICOLA LTDA - MATRIZ | F1737: 390.242 | G1737: 24 | H1737: 16.26 | I1737: =IF(B1737="","",VLOOKUP(B1737,[1]BASEDIESEL!$A$2:$AAA$11770,6)) -> FRENTE-03
A1738: 46190 | B1738: 3025 | C1738: 100-JOHN DEERE CH570 ESTEIRA | D1738: 4533 | E1738: NDB HOLDING AGRICOLA LTDA - MATRIZ | F1738: 258.478 | G1738: 15 | H1738: 17.23 | I1738: =IF(B1738="","",VLOOKUP(B1738,[1]BASEDIESEL!$A$2:$AAA$11770,6)) -> FRENTE-03
A1739: 46190 | B1739: 3026 | C1739: 100-JOHN DEERE CH570 ESTEIRA | D1739: 4533 | E1739: NDB HOLDING AGRICOLA LTDA - MATRIZ | F1739: 196.342 | G1739: 14 | H1739: 14.02 | I1739: =IF(B1739="","",VLOOKUP(B1739,[1]BASEDIESEL!$A$2:$AAA$11770,6)) -> FRENTE-03
... A2531: 46219 | B2531: 3054 | C2531: 201-CASE A9900 ESTEIRA | D2531: 1 | E2531: ALCON CIA DE ALCOOL CONCEICAO DA BARRA | F2531: 694.22 | G2531: 40 | H2531: 17.36 | I2531: =IF(B2531="","",VLOOKUP(B2531,[1]BASEDIESEL!$A$2:$AAA$11770,6)) -> FRENTE-01

Sheet Plan3
A3: Rótulos de Linha
A4: (vazio)
A5: 4019
A6: 4024
A7: 4025
A8: 4027
A9: 4029
A10: 4030
A11: 4032
A12: 4034
A13: 4035
A14: 4036
A15: 4082
A16: 4112
... A68: 4061
A69: Total geral

Sheet Plan1
A3: Rótulos de Linha | B3: Soma de Toneladas
A4: 4019 | B4: 3417.803
A5: 4020 | B5: 1209.7
A6: 4021 | B6: 2884.286
A7: 4022 | B7: 952.541
A8: 4024 | B8: 9925.656
A9: 4025 | B9: 4318.701
A10: 4027 | B10: 10441.177
A11: 4029 | B11: 10309.05
A12: 4030 | B12: 7077.234
A13: 4032 | B13: 6576.584
A14: 4033 | B14: 3692.96
A15: 4034 | B15: 7270.868
... A67: 4163 | B67: 13770.517
A68: (vazio)
A69: Total geral | B69: 658705.11

Sheet BASETRANSBORDO
A1: Data | B1: Frota | C1: Modelo | D1: Toneladas | E1: Total Cargas | F1: Média Carga | G1: Frente | H1: Mês
A2: 46129 | B2: 4019 | C2: 236-TRATOR JOHN DEERE 6180 J | D2: 129.836 | E2: 7 | F2: 18.548 | G2: =IF(B2="","",VLOOKUP(B2,[1]BASEDIESEL!$A$2:$AAA$11928,6)) -> FRENTE-07 | H2: =TEXT(A2,"mmm") -> abr
A3: 46129 | B3: 4024 | C3: 236-TRATOR JOHN DEERE 6180 J | D3: 129.857 | E3: 8 | F3: 16.232 | G3: =IF(B3="","",VLOOKUP(B3,[1]BASEDIESEL!$A$2:$AAA$11928,6)) -> FRENTE-07 | H3: =TEXT(A3,"mmm") -> abr
A4: 46129 | B4: 4025 | C4: 236-TRATOR JOHN DEERE 6180 J | D4: 182.545 | E4: 11 | F4: 16.595 | G4: =IF(B4="","",VLOOKUP(B4,[1]BASEDIESEL!$A$2:$AAA$11928,6)) -> FRENTE-07 | H4: =TEXT(A4,"mmm") -> abr
A5: 46129 | B5: 4027 | C5: 236-TRATOR JOHN DEERE 6180 J | D5: 123.358 | E5: 9 | F5: 13.706 | G5: =IF(B5="","",VLOOKUP(B5,[1]BASEDIESEL!$A$2:$AAA$11928,6)) -> FRENTE-07 | H5: =TEXT(A5,"mmm") -> abr
A6: 46129 | B6: 4029 | C6: 236-TRATOR JOHN DEERE 6180 J | D6: 196.84 | E6: 11 | F6: 17.895 | G6: =IF(B6="","",VLOOKUP(B6,[1]BASEDIESEL!$A$2:$AAA$11928,6)) -> FRENTE-07 | H6: =TEXT(A6,"mmm") -> abr
A7: 46129 | B7: 4030 | C7: 285-TRATOR JOHN DEERE 7185 J | D7: 89.409 | E7: 6 | F7: 14.902 | G7: =IF(B7="","",VLOOKUP(B7,[1]BASEDIESEL!$A$2:$AAA$11928,6)) -> FRENTE-06 | H7: =TEXT(A7,"mmm") -> abr
A8: 46129 | B8: 4032 | C8: 238-TRATOR JOHN DEERE 7195 J | D8: 70.226 | E8: 4 | F8: 17.557 | G8: =IF(B8="","",VLOOKUP(B8,[1]BASEDIESEL!$A$2:$AAA$11928,6)) -> FRENTE-06 | H8: =TEXT(A8,"mmm") -> abr
A9: 46129 | B9: 4034 | C9: 238-TRATOR JOHN DEERE 7195 J | D9: 13.409 | E9: 2 | F9: 6.705 | G9: =IF(B9="","",VLOOKUP(B9,[1]BASEDIESEL!$A$2:$AAA$11928,6)) -> FRENTE-06 | H9: =TEXT(A9,"mmm") -> abr
A10: 46129 | B10: 4035 | C10: 238-TRATOR JOHN DEERE 7195 J | D10: 64.924 | E10: 3 | F10: 21.641 | G10: =IF(B10="","",VLOOKUP(B10,[1]BASEDIESEL!$A$2:$AAA$11928,6)) -> FRENTE-06 | H10: =TEXT(A10,"mmm") -> abr
A11: 46129 | B11: 4036 | C11: 238-TRATOR JOHN DEERE 7195 J | D11: 61.751 | E11: 3 | F11: 20.584 | G11: =IF(B11="","",VLOOKUP(B11,[1]BASEDIESEL!$A$2:$AAA$11928,6)) -> FRENTE-06 | H11: =TEXT(A11,"mmm") -> abr
A12: 46129 | B12: 4036 | C12: 238-TRATOR JOHN DEERE 7195 J | D12: 19.11 | E12: 1 | F12: 19.11 | G12: =IF(B12="","",VLOOKUP(B12,[1]BASEDIESEL!$A$2:$AAA$11928,6)) -> FRENTE-06 | H12: =TEXT(A12,"mmm") -> abr
A13: 46129 | B13: 4112 | C13: 258-TRATOR JOHN DEERE 7210 J | D13: 82.465 | E13: 5 | F13: 16.493 | G13: =IF(B13="","",VLOOKUP(B13,[1]BASEDIESEL!$A$2:$AAA$11928,6)) -> FRENTE-01 | H13: =TEXT(A13,"mmm") -> abr
... A3197: 46189 | B3197: 4155 | C3197: 265-TRATOR JOHN DEERE 7225 J | D3197: 146.879 | E3197: 8 | F3197: 18.36 | G3197: =IF(B3197="","",VLOOKUP(B3197,[1]BASEDIESEL!$A$2:$AAA$11928,6)) -> FRENTE-04 | H3197: =TEXT(A3197,"mmm") -> jun
A3198: 46189 | B3198: 4156 | C3198: 258-TRATOR JOHN DEERE 7210 J | D3198: =246.475+69.82 -> 316.295 | E3198: 17 | F3198: 14.499 | G3198: =IF(B3198="","",VLOOKUP(B3198,[1]BASEDIESEL!$A$2:$AAA$11928,6)) -> FRENTE-02 | H3198: =TEXT(A3198,"mmm") -> jun
A3199: 46189 | B3199: 4157 | C3199: 258-TRATOR JOHN DEERE 7210 J | D3199: 144.198 | E3199: 9 | F3199: 16.022 | G3199: =IF(B3199="","",VLOOKUP(B3199,[1]BASEDIESEL!$A$2:$AAA$11928,6)) -> FRENTE-06 | H3199: =TEXT(A3199,"mmm") -> jun
A3200: 46189 | B3200: 4158 | C3200: 258-TRATOR JOHN DEERE 7210 J | D3200: 199.672 | E3200: 12 | F3200: 16.639 | G3200: =IF(B3200="","",VLOOKUP(B3200,[1]BASEDIESEL!$A$2:$AAA$11928,6)) -> FRENTE-03 | H3200: =TEXT(A3200,"mmm") -> jun
A3201: 46189 | B3201: 4159 | C3201: 258-TRATOR JOHN DEERE 7210 J | D3201: 230.605 | E3201: 16 | F3201: 14.413 | G3201: =IF(B3201="","",VLOOKUP(B3201,[1]BASEDIESEL!$A$2:$AAA$11928,6)) -> FRENTE-02 | H3201: =TEXT(A3201,"mmm") -> jun
A3202: 46189 | B3202: 4160 | C3202: 258-TRATOR JOHN DEERE 7210 J | D3202: 293.09 | E3202: 20 | F3202: 14.655 | G3202: =IF(B3202="","",VLOOKUP(B3202,[1]BASEDIESEL!$A$2:$AAA$11928,6)) -> FRENTE-01 | H3202: =TEXT(A3202,"mmm") -> jun
A3203: 46189 | B3203: 4161 | C3203: 258-TRATOR JOHN DEERE 7210 J | D3203: 139.884 | E3203: 11 | F3203: 12.717 | G3203: =IF(B3203="","",VLOOKUP(B3203,[1]BASEDIESEL!$A$2:$AAA$11928,6)) -> FRENTE-07 | H3203: =TEXT(A3203,"mmm") -> jun
A3204: 46189 | B3204: 4162 | C3204: 258-TRATOR JOHN DEERE 7210 J | D3204: 283.42 | E3204: 20 | F3204: 14.171 | G3204: =IF(B3204="","",VLOOKUP(B3204,[1]BASEDIESEL!$A$2:$AAA$11928,6)) -> FRENTE-02 | H3204: =TEXT(A3204,"mmm") -> jun
A3205: 46189 | B3205: 4163 | C3205: 258-TRATOR JOHN DEERE 7210 J | D3205: 234.125 | E3205: 16 | F3205: 14.633 | G3205: =IF(B3205="","",VLOOKUP(B3205,[1]BASEDIESEL!$A$2:$AAA$11928,6)) -> FRENTE-02 | H3205: =TEXT(A3205,"mmm") -> jun
A3206: 46190 | B3206: 4024 | C3206: 236-TRATOR JOHN DEERE 6180 J | D3206: 205.67 | E3206: 15 | F3206: 13.711 | G3206: =IF(B3206="","",VLOOKUP(B3206,[1]BASEDIESEL!$A$2:$AAA$11928,6)) -> FRENTE-07 | H3206: =TEXT(A3206,"mmm") -> jun
A3207: 46190 | B3207: 4025 | C3207: 236-TRATOR JOHN DEERE 6180 J | D3207: 100.414 | E3207: 7 | F3207: 14.345 | G3207: =IF(B3207="","",VLOOKUP(B3207,[1]BASEDIESEL!$A$2:$AAA$11928,6)) -> FRENTE-07 | H3207: =TEXT(A3207,"mmm") -> jun
A3208: 46190 | B3208: 4027 | C3208: 236-TRATOR JOHN DEERE 6180 J | D3208: 185.109 | E3208: 12 | F3208: 15.426 | G3208: =IF(B3208="","",VLOOKUP(B3208,[1]BASEDIESEL!$A$2:$AAA$11928,6)) -> FRENTE-07 | H3208: =TEXT(A3208,"mmm") -> jun
A3209: 46190 | B3209: 4029 | C3209: 236-TRATOR JOHN DEERE 6180 J | D3209: 211.864 | E3209: 18 | F3209: 11.77 | G3209: =IF(B3209="","",VLOOKUP(B3209,[1]BASEDIESEL!$A$2:$AAA$11928,6)) -> FRENTE-07 | H3209: =TEXT(A3209,"mmm") -> jun
A3210: 46190 | B3210: 4030 | C3210: 285-TRATOR JOHN DEERE 7185 J | D3210: 29.048 | E3210: 2 | F3210: 14.524 | G3210: =IF(B3210="","",VLOOKUP(B3210,[1]BASEDIESEL!$A$2:$AAA$11928,6)) -> FRENTE-06 | H3210: =TEXT(A3210,"mmm") -> jun
... A4797: 46219 | B4797: 4163 | C4797: 258-TRATOR JOHN DEERE 7210 J | D4797: 274.87 | E4797: 20 | F4797: 13.744 | G4797: =IF(B4797="","",VLOOKUP(B4797,[1]BASEDIESEL!$A$2:$AAA$11928,6)) -> FRENTE-02 | H4797: =TEXT(A4797,"mmm") -> jul

Sheet Plan5
A1: Data | B1: 46043
A3: Rótulos de Linha
A4: 1094
A5: 493
A6: 1322
A7: 655
A8: 1522
A9: 523
A10: 1090
A11: 663
A12: 1300
A13: 205
A14: 1426
... A16: Total geral

Sheet BASEDIESEL
A1: Equip. | B1: Ton. Cana | C1: Lt | D1: Lt/ton | E1: Safra | F1: Frente | G1: DATA | H1: TIPO
A2: 3019 | B2: 41487.109 | C2: 48450.7 | D2: 1.1678 | E2: 2026/2027 | F2: =IF(A2="","",VLOOKUP(A2,[1]Base!$A$2:$K$11917,3,FALSE)) -> FRENTE-02 | G2: =NOW()-1 -> 46223.013 | H2: =IF(A2="","",VLOOKUP(A2,[1]Base!$A$2:$K$11917,5,FALSE)) -> COLHEDORA
A3: 3020 | B3: 30824.956 | C3: 44040.4 | D3: 1.4287 | E3: 2026/2027 | F3: =IF(A3="","",VLOOKUP(A3,[1]Base!$A$2:$K$11917,3,FALSE)) -> FRENTE-02 | G3: =NOW()-1 -> 46223.013 | H3: =IF(A3="","",VLOOKUP(A3,[1]Base!$A$2:$K$11917,5,FALSE)) -> COLHEDORA
A4: 3021 | B4: 38752.456 | C4: 44337.1 | D4: 1.1441 | E4: 2026/2027 | F4: =IF(A4="","",VLOOKUP(A4,[1]Base!$A$2:$K$11917,3,FALSE)) -> FRENTE-02 | G4: =NOW()-1 -> 46223.013 | H4: =IF(A4="","",VLOOKUP(A4,[1]Base!$A$2:$K$11917,5,FALSE)) -> COLHEDORA
A5: 3022 | B5: 35871.179 | C5: 47639.6 | D5: 1.3281 | E5: 2026/2027 | F5: =IF(A5="","",VLOOKUP(A5,[1]Base!$A$2:$K$11917,3,FALSE)) -> FRENTE-02 | G5: =NOW()-1 -> 46223.013 | H5: =IF(A5="","",VLOOKUP(A5,[1]Base!$A$2:$K$11917,5,FALSE)) -> COLHEDORA
A6: 3023 | B6: 36617.298 | C6: 39407.2 | D6: 1.0762 | E6: 2026/2027 | F6: =IF(A6="","",VLOOKUP(A6,[1]Base!$A$2:$K$11917,3,FALSE)) -> FRENTE-03 | G6: =NOW()-1 -> 46223.013 | H6: =IF(A6="","",VLOOKUP(A6,[1]Base!$A$2:$K$11917,5,FALSE)) -> COLHEDORA
A7: 3024 | B7: 32581.587 | C7: 40399.4 | D7: 1.2399 | E7: 2026/2027 | F7: =IF(A7="","",VLOOKUP(A7,[1]Base!$A$2:$K$11917,3,FALSE)) -> FRENTE-03 | G7: =NOW()-1 -> 46223.013 | H7: =IF(A7="","",VLOOKUP(A7,[1]Base!$A$2:$K$11917,5,FALSE)) -> COLHEDORA
A8: 3025 | B8: 29795.378 | C8: 37030.3 | D8: 1.2428 | E8: 2026/2027 | F8: =IF(A8="","",VLOOKUP(A8,[1]Base!$A$2:$K$11917,3,FALSE)) -> FRENTE-03 | G8: =NOW()-1 -> 46223.013 | H8: =IF(A8="","",VLOOKUP(A8,[1]Base!$A$2:$K$11917,5,FALSE)) -> COLHEDORA
A9: 3026 | B9: 32250.098 | C9: 34842.3 | D9: 1.0804 | E9: 2026/2027 | F9: =IF(A9="","",VLOOKUP(A9,[1]Base!$A$2:$K$11917,3,FALSE)) -> FRENTE-03 | G9: =NOW()-1 -> 46223.013 | H9: =IF(A9="","",VLOOKUP(A9,[1]Base!$A$2:$K$11917,5,FALSE)) -> COLHEDORA
A10: 3027 | B10: 11434.49 | C10: 16816.2 | D10: 1.4707 | E10: 2026/2027 | F10: =IF(A10="","",VLOOKUP(A10,[1]Base!$A$2:$K$11917,3,FALSE)) -> FRENTE-04 | G10: =NOW()-1 -> 46223.013 | H10: =IF(A10="","",VLOOKUP(A10,[1]Base!$A$2:$K$11917,5,FALSE)) -> COLHEDORA
A11: 3028 | B11: 21798.564 | C11: 33321.7 | D11: 1.5286 | E11: 2026/2027 | F11: =IF(A11="","",VLOOKUP(A11,[1]Base!$A$2:$K$11917,3,FALSE)) -> FRENTE-06 | G11: =NOW()-1 -> 46223.013 | H11: =IF(A11="","",VLOOKUP(A11,[1]Base!$A$2:$K$11917,5,FALSE)) -> COLHEDORA
A12: 3029 | B12: 3216.274 | C12: 7132 | D12: 2.2175 | E12: 2026/2027 | F12: =IF(A12="","",VLOOKUP(A12,[1]Base!$A$2:$K$11917,3,FALSE)) -> FRENTE-07 | G12: =NOW()-1 -> 46223.013 | H12: =IF(A12="","",VLOOKUP(A12,[1]Base!$A$2:$K$11917,5,FALSE)) -> COLHEDORA
A13: 3030 | B13: 25415.171 | C13: 47445.2 | D13: 1.8668 | E13: 2026/2027 | F13: =IF(A13="","",VLOOKUP(A13,[1]Base!$A$2:$K$11917,3,FALSE)) -> FRENTE-07 | G13: =NOW()-1 -> 46223.013 | H13: =IF(A13="","",VLOOKUP(A13,[1]Base!$A$2:$K$11917,5,FALSE)) -> COLHEDORA
... A94: 4163 | B94: 18384.382 | C94: 9241.9 | D94: 0.5027 | E94: 2026/2027 | F94: =IF(A94="","",VLOOKUP(A94,[1]Base!$A$2:$K$11917,3,FALSE)) -> FRENTE-02 | G94: =NOW()-1 -> 46223.013 | H94: =IF(A94="","",VLOOKUP(A94,[1]Base!$A$2:$K$11917,5,FALSE)) -> TRANSBORDO

Sheet BASE
A1: Equip. | B1: Ton. Cana | C1: LTS | D1: LTS/TON | E1: DATA | F1: TIPO
A2: 3019 | B2: 26778.509 | C2: 30795.4 | D2: 1.15 | E2: =MAX(BASECOLHEDORA!A:A) -> 46219 | F2: =IF(A2="","",VLOOKUP(A2,DISPONIBILIDADE!$B$2:$AAA$11936,3)) -> #N/A
A3: 3020 | B3: 21438.31 | C3: 30768.1 | D3: 1.4352 | E3: =MAX(BASECOLHEDORA!A:A) -> 46219
A4: 3021 | B4: 25809.86 | C4: 28795.1 | D4: 1.1157 | E4: =MAX(BASECOLHEDORA!A:A) -> 46219
A5: 3022 | B5: 23868.281 | C5: 30081 | D5: 1.2603 | E5: =MAX(BASECOLHEDORA!A:A) -> 46219
A6: 3023 | B6: 25770.332 | C6: 27678.1 | D6: 1.074 | E6: =MAX(BASECOLHEDORA!A:A) -> 46219
A7: 3024 | B7: 21315.966 | C7: 27457.2 | D7: 1.2881 | E7: =MAX(BASECOLHEDORA!A:A) -> 46219
A8: 3025 | B8: 19244.375 | C8: 24494.1 | D8: 1.2728 | E8: =MAX(BASECOLHEDORA!A:A) -> 46219
A9: 3026 | B9: 20542.221 | C9: 23149.7 | D9: 1.1269 | E9: =MAX(BASECOLHEDORA!A:A) -> 46219
A10: 3027 | B10: 11434.49 | C10: 17275.7 | D10: 1.5108 | E10: =MAX(BASECOLHEDORA!A:A) -> 46219
A11: 3028 | B11: 12526.117 | C11: 20014 | D11: 1.5978 | E11: =MAX(BASECOLHEDORA!A:A) -> 46219
A12: 3029 | B12: 3216.274 | C12: 7638 | D12: 2.3748 | E12: =MAX(BASECOLHEDORA!A:A) -> 46219
A13: 3030 | B13: 18771.123 | C13: 35191 | D13: 1.8747 | E13: =MAX(BASECOLHEDORA!A:A) -> 46219
A14: 3031 | B14: 14506.028 | C14: 25957.4 | D14: 1.7894 | E14: =MAX(BASECOLHEDORA!A:A) -> 46219
... A34: 3054 | B34: 25765.736 | C34: 27403.3 | D34: 1.0636 | E34: =MAX(BASECOLHEDORA!A:A) -> 46219
A35: 4019 | B35: 3417.803 | C35: 2407.4 | D35: 0.7044 | E35: =MAX(BASETRANSBORDO!A:A) -> 46219
A36: 4020 | B36: 1209.7 | C36: 1076.7 | D36: 0.89 | E36: =MAX(BASETRANSBORDO!A:A) -> 46219
A37: 4021 | B37: 2884.286 | C37: 2667.6 | D37: 0.9249 | E37: =MAX(BASETRANSBORDO!A:A) -> 46219
A38: 4022 | B38: 952.541 | C38: 1459 | D38: 1.5317 | E38: =MAX(BASETRANSBORDO!A:A) -> 46219
A39: 4024 | B39: 8989.406 | C39: 5486.8 | D39: 0.6104 | E39: =MAX(BASETRANSBORDO!A:A) -> 46219
A40: 4025 | B40: 3871.021 | C40: 2960.3 | D40: 0.7647 | E40: =MAX(BASETRANSBORDO!A:A) -> 46219
A41: 4027 | B41: 9779.281 | C41: 6058.1 | D41: 0.6195 | E41: =MAX(BASETRANSBORDO!A:A) -> 46219
A42: 4029 | B42: 9524.793 | C42: 5286.4 | D42: 0.555 | E42: =MAX(BASETRANSBORDO!A:A) -> 46219
A43: 4030 | B43: 6524.116 | C43: 4486.2 | D43: 0.6876 | E43: =MAX(BASETRANSBORDO!A:A) -> 46219
A44: 4032 | B44: 6033.462 | C44: 4778.6 | D44: 0.792 | E44: =MAX(BASETRANSBORDO!A:A) -> 46219
A45: 4033 | B45: 3382.771 | C45: 3746.9 | D45: 1.1076 | E45: =MAX(BASETRANSBORDO!A:A) -> 46219
A46: 4034 | B46: 6760.315 | C46: 4662.2 | D46: 0.6896 | E46: =MAX(BASETRANSBORDO!A:A) -> 46219
... A98: 4163 | B98: 12560.657 | C98: 6214.9 | D98: 0.4948 | E98: =MAX(BASETRANSBORDO!A:A) -> 46219

Sheet BASEEMPRESA
A1: FROTA | B1: EMPRESA
A2: 2059 | B2: NDB HOLDING AGRICOLA LTDA - MATRIZ
A3: 2066 | B3: NDB HOLDING AGRICOLA LTDA - MATRIZ
A4: 2067 | B4: NDB HOLDING AGRICOLA LTDA - MATRIZ
A5: 2107 | B5: NDB HOLDING AGRICOLA LTDA - MATRIZ
A6: 2108 | B6: NDB HOLDING AGRICOLA LTDA - MATRIZ
A7: 2109 | B7: NDB HOLDING AGRICOLA LTDA - MATRIZ
A8: 7004 | B8: EMERSON LUIS MORO
A9: 7005 | B9: RENE PINA DE ALMEIDA
A10: 7006 | B10: INAMARQUE SOUZA MACHADO
A11: 7007 | B11: MVS TRANSPORTE LTDA
A12: 7008 | B12: E L DE OLIVEIRA JUNIOR EDIMAR TRANSPORTES
A13: 7010 | B13: BAYER LOGISTICA E TRANSPORTES LTDA
... A76: 7398 | B76: RSL TRANSPORTES LTDA

Sheet COLHEDORA
A1: COLEDORA | D1: TRANSBORDO | G1: TRANSPORTE
A3: Rótulos de Linha | B3: Soma de Toneladas | D3: Rótulos de Linha | E3: Soma de Toneladas | G3: Rótulos de Linha | H3: Soma de Toneladas
A4: 46129 | B4: 5390.42 | D4: 46129 | E4: 5390.42 | G4: 46129 | H4: 5390.42 | J4: OK
A5: 46130 | B5: 9768.38 | D5: 46130 | E5: 9768.38 | G5: 46130 | H5: 9768.38 | J5: OK
A6: 46131 | B6: 10659.2 | D6: 46131 | E6: 10659.2 | G6: 46131 | H6: 10659.2 | J6: OK
A7: 46132 | B7: 5399.48 | D7: 46132 | E7: 5399.48 | G7: 46132 | H7: 5399.48 | J7: OK
A8: 46133 | B8: 12063.21 | D8: 46133 | E8: 12063.21 | G8: 46133 | H8: 12063.21 | J8: OK
A9: 46134 | B9: 12460.82 | D9: 46134 | E9: 12460.82 | G9: 46134 | H9: 12460.82 | J9: OK
A10: 46135 | B10: 9951.12 | D10: 46135 | E10: 9951.12 | G10: 46135 | H10: 9951.12 | J10: OK
A11: 46136 | B11: 11746.9 | D11: 46136 | E11: 11746.9 | G11: 46136 | H11: 11746.9 | J11: OK
A12: 46137 | B12: 12768.92 | D12: 46137 | E12: 12768.92 | G12: 46137 | H12: 12768.92 | J12: OK
A13: 46138 | B13: 13010.42 | D13: 46138 | E13: 13010.42 | G13: 46138 | H13: 13010.42 | J13: OK
A14: 46139 | B14: 12940.53 | D14: 46139 | E14: 12940.53 | G14: 46139 | H14: 12940.53 | J14: OK
A15: 46140 | B15: 4541.7 | D15: 46140 | E15: 4541.7 | G15: 46140 | H15: 4541.7
A16: 46141 | B16: 11615.75 | D16: 46141 | E16: 11615.75 | G16: 46141 | H16: 11615.75 | J16: OK
A17: 46142 | B17: 11923.4 | D17: 46142 | E17: 11923.4 | G17: 46142 | H17: 11923.4 | J17: OK
A18: 46143 | B18: 12355.18 | D18: 46143 | E18: 12355.18 | G18: 46143 | H18: 12355.18
A19: 46144 | B19: 11403.71 | D19: 46144 | E19: 11403.71 | G19: 46144 | H19: 11403.71
A20: 46145 | B20: 9185.74 | D20: 46145 | E20: 9185.74 | G20: 46145 | H20: 9185.74 | J20: OK
A21: 46146 | B21: 6169.95 | D21: 46146 | E21: 6169.95 | G21: 46146 | H21: 6169.95 | J21: OK
A22: 46147 | B22: 3465.06 | D22: 46147 | E22: 3465.06 | G22: 46147 | H22: 3465.06 | J22: OK
A23: 46148 | B23: 10716.81 | D23: 46148 | E23: 10716.81 | G23: 46148 | H23: 10716.81 | J23: OK
A24: 46149 | B24: 9680.67 | D24: 46149 | E24: 9680.67 | G24: 46149 | H24: 9680.67
A25: 46150 | B25: 6526.26 | D25: 46150 | E25: 6526.26 | G25: 46150 | H25: 6526.26 | J25: OK
A26: 46151 | B26: 10996.58 | D26: 46151 | E26: 10996.58 | G26: 46151 | H26: 10996.58 | J26: OK
A27: 46152 | B27: 9220.8 | D27: 46152 | E27: 9220.8 | G27: 46152 | H27: 9220.8
A28: 46153 | B28: 11909.68 | D28: 46153 | E28: 11909.68 | G28: 46153 | H28: 11909.68 | J28: OK
A29: 46154 | B29: 11880.04 | D29: 46154 | E29: 11880.04 | G29: 46154 | H29: 11880.04 | J29: OK
A30: 46155 | B30: 12274.17 | D30: 46155 | E30: 12274.17 | G30: 46155 | H30: 12274.17
A31: 46156 | B31: 12027.94 | D31: 46156 | E31: 12027.94 | G31: 46156 | H31: 12027.94
A32: 46157 | B32: 13722.8 | D32: 46157 | E32: 13722.8 | G32: 46157 | H32: 13722.8
A33: 46158 | B33: 13270.68 | D33: 46158 | E33: 13270.68 | G33: 46158 | H33: 13270.68
A34: 46159 | B34: 12446.5 | D34: 46159 | E34: 12446.5 | G34: 46159 | H34: 12446.5
A35: 46160 | B35: 8376.16 | D35: 46160 | E35: 8376.16 | G35: 46160 | H35: 8376.16
A36: 46161 | B36: 8295.64 | D36: 46161 | E36: 8295.64 | G36: 46161 | H36: 8295.64
A37: 46162 | B37: 12629.84 | D37: 46162 | E37: 12629.84 | G37: 46162 | H37: 12629.84
A38: 46163 | B38: 11930.04 | D38: 46163 | E38: 11930.04 | G38: 46163 | H38: 11930.04
A39: 46164 | B39: 7164.88 | D39: 46164 | E39: 7164.88 | G39: 46164 | H39: 7164.88
A40: 46165 | B40: 0 | D40: 46165 | E40: 0 | G40: 46165 | H40: 0 | J40: OK
A41: 46166 | B41: 10070.8 | D41: 46166 | E41: 10070.8 | G41: 46166 | H41: 10070.8 | J41: OK
A42: 46167 | B42: 12402.82 | D42: 46167 | E42: 12402.82 | G42: 46167 | H42: 12402.82 | J42: OK
A43: 46168 | B43: 12359.55 | D43: 46168 | E43: 12359.55 | G43: 46168 | H43: 12359.55 | J43: OK
A44: 46169 | B44: 13181.14 | D44: 46169 | E44: 13181.14 | G44: 46169 | H44: 13181.14 | J44: OK
A45: 46170 | B45: 13323.94 | D45: 46170 | E45: 13323.94 | G45: 46170 | H45: 13323.94 | J45: OK
A46: 46171 | B46: 12869.01 | D46: 46171 | E46: 12869.01 | G46: 46171 | H46: 12869.01 | J46: OK
A47: 46172 | B47: 13140.5 | D47: 46172 | E47: 13140.5 | G47: 46172 | H47: 13140.5 | J47: OK
A48: 46173 | B48: 13151.36 | D48: 46173 | E48: 13151.36 | G48: 46173 | H48: 13151.36 | J48: OK
A49: 46174 | B49: 13179.04 | D49: 46174 | E49: 13179.04 | G49: 46174 | H49: 13179.04
A50: 46175 | B50: 13773.93 | D50: 46175 | E50: 13773.93 | G50: 46175 | H50: 13773.93
A51: 46176 | B51: 10022.49 | D51: 46176 | E51: 10022.49 | G51: 46176 | H51: 10022.49
A52: 46177 | B52: 11708.92 | D52: 46177 | E52: 11708.92 | G52: 46177 | H52: 11708.92
A53: 46178 | B53: 13024.92 | D53: 46178 | E53: 13024.92 | G53: 46178 | H53: 13024.92
A54: 46179 | B54: 12725.64 | D54: 46179 | E54: 12725.64 | G54: 46179 | H54: 12725.64
A55: 46180 | B55: 11068.98 | D55: 46180 | E55: 11068.98 | G55: 46180 | H55: 11068.98
A56: 46181 | B56: 12292.72 | D56: 46181 | E56: 12292.72 | G56: 46181 | H56: 12292.72
A57: 46182 | B57: 12726 | D57: 46182 | E57: 12726 | G57: 46182 | H57: 12726
A58: 46183 | B58: 13459.4 | D58: 46183 | E58: 13459.4 | G58: 46183 | H58: 13459.4
A59: 46184 | B59: 11334.74 | D59: 46184 | E59: 11334.74 | G59: 46184 | H59: 11334.74
A60: 46185 | B60: 10620.89 | D60: 46185 | E60: 10620.89 | G60: 46185 | H60: 10620.89
... A66: 46191 | B66: 12873.82 | D66: 46191 | E66: 12873.82 | G66: 46191 | H66: 12873.82
A67: (vazio) | D67: (vazio) | G67: (vazio)
A68: Total geral | B68: 658705.11 | D68: Total geral | E68: 658705.11 | G68: Total geral | H68: 658705.11

Sheet Plan8
A2: COLEDORA | D2: TRANSBORDO | G2: TRANSPORTE
A3: 46129 | B3: 5390.42 | D3: 46129 | E3: 5390.42 | G3: 46129 | H3: 5390.42 | J3: =B3-E3-H3 -> -5390.42 | K3: =J3+B3 -> 0 | L3: =J3+E3 -> 0 | M3: =J3+H3 -> 0
A4: 46130 | B4: 9768.38 | D4: 46130 | E4: 9768.38 | G4: 46130 | H4: 9768.38 | J4: =B4-E4-H4 -> -9768.38 | K4: =J4+B4 -> 0 | L4: =J4+E4 -> 0 | M4: =J4+H4 -> 0
A5: 46131 | B5: 10659.2 | D5: 46131 | E5: 10659.2 | G5: 46131 | H5: 10659.2 | J5: =B5-E5-H5 -> -10659.2 | K5: =J5+B5 -> 0 | L5: =J5+E5 -> 0 | M5: =J5+H5 -> 0
A6: 46132 | B6: 5399.48 | D6: 46132 | E6: 5399.48 | G6: 46132 | H6: 5399.48 | J6: =B6-E6-H6 -> -5399.48 | K6: =J6+B6 -> 0 | L6: =J6+E6 -> 0 | M6: =J6+H6 -> 0
A7: 46133 | B7: 12063.21 | D7: 46133 | E7: 12063.21 | G7: 46133 | H7: 12063.21 | J7: =B7-E7-H7 -> -12063.21 | K7: =J7+B7 -> 0 | L7: =J7+E7 -> 0 | M7: =J7+H7 -> 0
A8: 46134 | B8: 12460.82 | D8: 46134 | E8: 12460.82 | G8: 46134 | H8: 12460.82 | J8: =B8-E8-H8 -> -12460.82 | K8: =J8+B8 -> 0 | L8: =J8+E8 -> 0 | M8: =J8+H8 -> 0
A9: 46135 | B9: 9951.12 | D9: 46135 | E9: 9951.12 | G9: 46135 | H9: 9951.12 | J9: =B9-E9-H9 -> -9951.12 | K9: =J9+B9 -> 0 | L9: =J9+E9 -> 0 | M9: =J9+H9 -> 0
A10: 46136 | B10: 11746.9 | D10: 46136 | E10: 11746.9 | G10: 46136 | H10: 11746.9 | J10: =B10-E10-H10 -> -11746.9 | K10: =J10+B10 -> 0 | L10: =J10+E10 -> 0 | M10: =J10+H10 -> 0
A11: 46137 | B11: 12768.92 | D11: 46137 | E11: 12768.92 | G11: 46137 | H11: 12768.92 | J11: =B11-E11-H11 -> -12768.92 | K11: =J11+B11 -> 0 | L11: =J11+E11 -> 0 | M11: =J11+H11 -> 0
A12: 46138 | B12: 13010.42 | D12: 46138 | E12: 13010.42 | G12: 46138 | H12: 13010.42 | J12: =B12-E12-H12 -> -13010.42 | K12: =J12+B12 -> 0 | L12: =J12+E12 -> 0 | M12: =J12+H12 -> 0
A13: 46139 | B13: 12940.53 | D13: 46139 | E13: 12940.53 | G13: 46139 | H13: 12940.53 | J13: =B13-E13-H13 -> -12940.53 | K13: =J13+B13 -> 0 | L13: =J13+E13 -> 0 | M13: =J13+H13 -> 0
A14: 46140 | B14: 4541.7 | D14: 46140 | E14: 4541.7 | G14: 46140 | H14: 4541.7 | J14: =B14-E14-H14 -> -4541.7 | K14: =J14+B14 -> 0 | L14: =J14+E14 -> 0 | M14: =J14+H14 -> 0
... A64: 46190 | B64: 11671.48 | D64: 46190 | E64: 11671.48 | G64: 46190 | H64: 11671.48 | J64: =B64-E64-H64 -> -11671.48 | K64: =J64+B64 -> 0 | L64: =J64+E64 -> 0 | M64: =J64+H64 -> 0
K65: =SUM(K3:K64) -> 1.4551915e-11 | L65: =SUM(L3:L64) -> 0 | M65: =SUM(M3:M64) -> 0

Sheet COLHEITA
A1: Projeto | B1: Safra | C1: Setor | D1: Cod. fazenda | E1: Fazenda | F1: Gleba | G1: Talhão | H1: Estágio | I1: Status Talhão | J1: Finalidade | K1: Data Ultima Entrega | L1: Total Área O.S. | M1: Área Estimada | N1: Área Colhida | O1: % Área Colhida | P1: Prod. Est. | Q1: Prod. Real | R1: Saldo Produção | S1: TCH Est. | T1: TCH Real | U1: % Variação TCH | V1: cidade
A2: 2026/2027 | B2: 2026/2027 | C2: ACIONISTA | D2: 167 | E2: FAZ. SAYONARA - PROJETO 16 | F2: 01-PROXIMO | G2: 016 | H2: 1C 12M | I2: Colheita Encerrada | J2: MOAGEM | K2: 04/05/2026 | L2: 3.07 | M2: 3.07 | N2: 3.07 | O2: 100 | P2: 337.7 | Q2: 462.191 | R2: -124.491 | S2: 110 | T2: 150.55 | U2: 36.86 | V2: Conceição da Barra
A3: 2026/2027 | B3: 2026/2027 | C3: ACIONISTA | D3: 167 | E3: FAZ. SAYONARA - PROJETO 16 | F3: 01-PROXIMO | G3: 017 | H3: 1C 12M | I3: Colheita Encerrada | J3: MOAGEM | K3: 04/05/2026 | L3: 4.03 | M3: 4.03 | N3: 4.03 | O3: 100 | P3: 443.3 | Q3: 606.706 | R3: -163.406 | S3: 110 | T3: 150.55 | U3: 36.86 | V3: Braço do Rio
A4: 2026/2027 | B4: 2026/2027 | C4: ACIONISTA | D4: 167 | E4: FAZ. SAYONARA - PROJETO 16 | F4: 01-PROXIMO | G4: 018 | H4: 1C 12M | I4: Colheita Encerrada | J4: MOAGEM | K4: 04/05/2026 | L4: 4.47 | M4: 4.47 | N4: 4.47 | O4: 100 | P4: 491.7 | Q4: 672.968 | R4: -181.268 | S4: 110 | T4: 150.55 | U4: 36.87 | V4: Pedro Canario
A5: 2026/2027 | B5: 2026/2027 | C5: ACIONISTA | D5: 167 | E5: FAZ. SAYONARA - PROJETO 16 | F5: 01-PROXIMO | G5: 019 | H5: 1C 12M | I5: Colheita Encerrada | J5: MOAGEM | K5: 04/05/2026 | L5: 1.31 | M5: 1.31 | N5: 1.31 | O5: 100 | P5: 144.1 | Q5: 197.221 | R5: -53.121 | S5: 110 | T5: 150.55 | U5: 36.86 | V5: Nanuque
A6: 2026/2027 | B6: 2026/2027 | C6: ACIONISTA | D6: 167 | E6: FAZ. SAYONARA - PROJETO 16 | F6: 01-PROXIMO | G6: 020 | H6: 1C 12M | I6: Colheita Encerrada | J6: MOAGEM | K6: 04/05/2026 | L6: 5.24 | M6: 5.24 | N6: 5.24 | O6: 100 | P6: 576.4 | Q6: 788.891 | R6: -212.491 | S6: 110 | T6: 150.55 | U6: 36.87 | V6: São Mateus
A7: 2026/2027 | B7: 2026/2027 | C7: ACIONISTA | D7: 167 | E7: FAZ. SAYONARA - PROJETO 16 | F7: 01-PROXIMO | G7: 021 | H7: 1C 12M | I7: Colheita Encerrada | J7: MOAGEM | K7: 04/05/2026 | L7: 4.48 | M7: 4.48 | N7: 4.48 | O7: 100 | P7: 492.8 | Q7: 674.475 | R7: -181.675 | S7: 110 | T7: 150.55 | U7: 36.87 | V7: Pinheiros
A8: 2026/2027 | B8: 2026/2027 | C8: ACIONISTA | D8: 167 | E8: FAZ. SAYONARA - PROJETO 16 | F8: 01-PROXIMO | G8: 022 | H8: 1C 12M | I8: Colheita Encerrada | J8: MOAGEM | K8: 04/05/2026 | L8: 10.66 | M8: 10.66 | N8: 10.66 | O8: 100 | P8: 1172.6 | Q8: 1604.868 | R8: -432.268 | S8: 110 | T8: 150.55 | U8: 36.86 | V8: Boa Esperaça
A9: 2026/2027 | B9: 2026/2027 | C9: ACIONISTA | D9: 167 | E9: FAZ. SAYONARA - PROJETO 16 | F9: 01-PROXIMO | G9: 023 | H9: 1C 12M | I9: Colheita Encerrada | J9: MOAGEM | K9: 04/05/2026 | L9: 16.4 | M9: 16.4 | N9: 16.4 | O9: 100 | P9: 1804 | Q9: 2469.037 | R9: -665.037 | S9: 110 | T9: 150.55 | U9: 36.86 | V9: Mucuri
A10: 2026/2027 | B10: 2026/2027 | C10: ACIONISTA | D10: 167 | E10: FAZ. SAYONARA - PROJETO 16 | F10: 01-PROXIMO | G10: 024 | H10: 1C 12M | I10: Colheita Encerrada | J10: MOAGEM | K10: 04/05/2026 | L10: 10.32 | M10: 10.32 | N10: 10.32 | O10: 100 | P10: 1135.2 | Q10: 1553.677 | R10: -418.477 | S10: 110 | T10: 150.55 | U10: 36.86 | V10: Motanha
A11: 2026/2027 | B11: 2026/2027 | C11: ACIONISTA | D11: 167 | E11: FAZ. SAYONARA - PROJETO 16 | F11: 01-PROXIMO | G11: 025 | H11: 1C 12M | I11: Colheita Encerrada | J11: MOAGEM | K11: 04/05/2026 | L11: 12.53 | M11: 12.53 | N11: 12.53 | O11: 100 | P11: 1378.3 | Q11: 1886.404 | R11: -508.104 | S11: 110 | T11: 150.55 | U11: 36.86 | V11: Conceição da Barra
A12: 2026/2027 | B12: 2026/2027 | C12: ACIONISTA | D12: 167 | E12: FAZ. SAYONARA - PROJETO 16 | F12: 01-PROXIMO | G12: 026 | H12: 1C 12M | I12: Colheita Encerrada | J12: MOAGEM | K12: 04/05/2026 | L12: 1.89 | M12: 1.89 | N12: 1.89 | O12: 100 | P12: 207.9 | Q12: 284.54 | R12: -76.64 | S12: 110 | T12: 150.55 | U12: 36.86 | V12: Braço do Rio
A13: 2026/2027 | B13: 2026/2027 | C13: ACIONISTA | D13: 167 | E13: FAZ. SAYONARA - PROJETO 16 | F13: 01-PROXIMO | G13: 027 | H13: 1C 12M | I13: Colheita Encerrada | J13: MOAGEM | K13: 04/05/2026 | L13: 10.74 | M13: 10.74 | N13: 10.74 | O13: 100 | P13: 1181.4 | Q13: 1616.969 | R13: -435.569 | S13: 110 | T13: 150.56 | U13: 36.87 | V13: Pedro Canario
... A19: 2026/2027 | B19: 2026/2027 | C19: ACIONISTA | D19: 8664 | E19: FAZ. CORDANTA A_ Nerzy | F19: 30-CORDANTA | G19: 013 | H19: 1C 12M | I19: Colheita Encerrada | J19: MOAGEM | K19: 22/05/2026 | L19: 6.96 | M19: 6.96 | N19: 6.96 | O19: 100 | P19: 835.2 | Q19: 1219.734 | R19: -384.534 | S19: 120 | T19: 175.25 | U19: 46.04 | V19: Motanha
A20: 2026/2027 | B20: 2026/2027 | C20: ACIONISTA | D20: 8664 | E20: FAZ. CORDANTA A_ Nerzy | F20: 30-CORDANTA | G20: 014 | H20: 1C 12M | I20: Colheita Encerrada | J20: MOAGEM | K20: 22/05/2026 | L20: 7.02 | M20: 7.02 | N20: 7.02 | O20: 100 | P20: 842.4 | Q20: 1230.258 | R20: -387.858 | S20: 120 | T20: 175.25 | U20: 46.04
A21: 2026/2027 | B21: 2026/2027 | C21: ACIONISTA | D21: 8664 | E21: FAZ. CORDANTA A_ Nerzy | F21: 30-CORDANTA | G21: 015 | H21: 1C 12M | I21: Colheita Encerrada | J21: MOAGEM | K21: 22/05/2026 | L21: 7.21 | M21: 7.21 | N21: 7.21 | O21: 100 | P21: 865.2 | Q21: 1263.542 | R21: -398.342 | S21: 120 | T21: 175.25 | U21: 46.04
A22: 2026/2027 | B22: 2026/2027 | C22: ACIONISTA | D22: 8664 | E22: FAZ. CORDANTA A_ Nerzy | F22: 30-CORDANTA | G22: 016 | H22: 1C 12M | I22: Colheita Encerrada | J22: MOAGEM | K22: 22/05/2026 | L22: 4.83 | M22: 4.83 | N22: 4.83 | O22: 100 | P22: 579.6 | Q22: 846.507 | R22: -266.907 | S22: 120 | T22: 175.26 | U22: 46.05
A23: 2026/2027 | B23: 2026/2027 | C23: ACIONISTA | D23: 8664 | E23: FAZ. CORDANTA A_ Nerzy | F23: 30-CORDANTA | G23: 017 | H23: 1C 12M | I23: Colheita Encerrada | J23: MOAGEM | K23: 22/05/2026 | L23: 3.6 | M23: 3.6 | N23: 3.6 | O23: 100 | P23: 432 | Q23: 630.885 | R23: -198.885 | S23: 120 | T23: 175.25 | U23: 46.04
A24: 2026/2027 | B24: 2026/2027 | C24: ACIONISTA | D24: 8664 | E24: FAZ. CORDANTA A_ Nerzy | F24: 30-CORDANTA | G24: 018 | H24: 1C 12M | I24: Colheita Encerrada | J24: MOAGEM | K24: 22/05/2026 | L24: 10.13 | M24: 10.13 | N24: 10.13 | O24: 100 | P24: 1215.6 | Q24: 1775.257 | R24: -559.657 | S24: 120 | T24: 175.25 | U24: 46.04
A25: 2026/2027 | B25: 2026/2027 | C25: ACIONISTA | D25: 8664 | E25: FAZ. CORDANTA A_ Nerzy | F25: 30-CORDANTA | G25: 019 | H25: 1C 12M | I25: Colheita Encerrada | J25: MOAGEM | K25: 22/05/2026 | L25: 2.56 | M25: 2.56 | N25: 2.56 | O25: 100 | P25: 307.2 | Q25: 448.636 | R25: -141.436 | S25: 120 | T25: 175.25 | U25: 46.04
A26: 2026/2027 | B26: 2026/2027 | C26: ACIONISTA | D26: 8664 | E26: FAZ. CORDANTA A_ Nerzy | F26: 30-CORDANTA | G26: 020 | H26: 1C 12M | I26: Colheita Encerrada | J26: MOAGEM | K26: 22/05/2026 | L26: 2.85 | M26: 2.85 | N26: 2.85 | O26: 100 | P26: 342 | Q26: 499.447 | R26: -157.447 | S26: 120 | T26: 175.24 | U26: 46.04
A27: 2026/2027 | B27: 2026/2027 | C27: ACIONISTA | D27: 8664 | E27: FAZ. CORDANTA A_ Nerzy | F27: 30-CORDANTA | G27: 021 | H27: 1C 12M | I27: Colheita Encerrada | J27: MOAGEM | K27: 22/05/2026 | L27: 4.26 | M27: 4.26 | N27: 4.26 | O27: 100 | P27: 511.2 | Q27: 746.556 | R27: -235.356 | S27: 120 | T27: 175.25 | U27: 46.04 | V27: Conceição da Barra
A28: 2026/2027 | B28: 2026/2027 | C28: ACIONISTA | D28: 8664 | E28: FAZ. CORDANTA A_ Nerzy | F28: 30-CORDANTA | G28: 022 | H28: 1C 12M | I28: Colheita Encerrada | J28: MOAGEM | K28: 22/05/2026 | L28: 5.39 | M28: 5.39 | N28: 5.39 | O28: 100 | P28: 646.8 | Q28: 944.579 | R28: -297.779 | S28: 120 | T28: 175.25 | U28: 46.04 | V28: Braço do Rio
A29: 2026/2027 | B29: 2026/2027 | C29: ACIONISTA | D29: 8664 | E29: FAZ. CORDANTA A_ Nerzy | F29: 30-CORDANTA | G29: 023 | H29: 1C 12M | I29: Colheita Encerrada | J29: MOAGEM | K29: 22/05/2026 | L29: 5.95 | M29: 5.95 | N29: 5.95 | O29: 100 | P29: 714 | Q29: 1042.76 | R29: -328.76 | S29: 120 | T29: 175.25 | U29: 46.04 | V29: Pedro Canario
A30: 2026/2027 | B30: 2026/2027 | C30: ACIONISTA | D30: 8664 | E30: FAZ. CORDANTA A_ Nerzy | F30: 30-CORDANTA | G30: 024 | H30: 1C 12M | I30: Colheita Encerrada | J30: MOAGEM | K30: 22/05/2026 | L30: 4.27 | M30: 4.27 | N30: 4.27 | O30: 100 | P30: 512.4 | Q30: 748.303 | R30: -235.903 | S30: 120 | T30: 175.25 | U30: 46.04 | V30: Nanuque
A31: 2026/2027 | B31: 2026/2027 | C31: ACIONISTA | D31: 8664 | E31: FAZ. CORDANTA A_ Nerzy | F31: 30-CORDANTA | G31: 026 | H31: 1C 12M | I31: Colheita Encerrada | J31: MOAGEM | K31: 22/05/2026 | L31: 1.16 | M31: 1.16 | N31: 1.16 | O31: 100 | P31: 139.2 | Q31: 203.292 | R31: -64.092 | S31: 120 | T31: 175.25 | U31: 46.04 | V31: São Mateus
A32: 2026/2027 | B32: 2026/2027 | C32: ACIONISTA | D32: 8664 | E32: FAZ. CORDANTA A_ Nerzy | F32: 30-CORDANTA | G32: 027 | H32: 1C 12M | I32: Colheita Encerrada | J32: MOAGEM | K32: 22/05/2026 | L32: 9.61 | M32: 9.61 | N32: 9.61 | O32: 100 | P32: 1153.2 | Q32: 1684.119 | R32: -530.919 | S32: 120 | T32: 175.25 | U32: 46.04 | V32: Pinheiros
A33: 2026/2027 | B33: 2026/2027 | C33: ACIONISTA | D33: 8664 | E33: FAZ. CORDANTA A_ Nerzy | F33: 30-CORDANTA | G33: 028 | H33: 1C 12M | I33: Colheita Encerrada | J33: MOAGEM | K33: 22/05/2026 | L33: 1.59 | M33: 1.59 | N33: 1.59 | O33: 100 | P33: 190.8 | Q33: 278.66 | R33: -87.86 | S33: 120 | T33: 175.26 | U33: 46.05 | V33: Boa Esperaça
A34: 2026/2027 | B34: 2026/2027 | C34: ACIONISTA | D34: 8664 | E34: FAZ. CORDANTA A_ Nerzy | F34: 30-CORDANTA | G34: 029 | H34: 1C 12M | I34: Colheita Encerrada | J34: MOAGEM | K34: 22/05/2026 | L34: 0.42 | M34: 0.42 | N34: 0.42 | O34: 100 | P34: 50.4 | Q34: 73.591 | R34: -23.191 | S34: 120 | T34: 175.22 | U34: 46.01 | V34: Mucuri
A35: 2026/2027 | B35: 2026/2027 | C35: ACIONISTA | D35: 8664 | E35: FAZ. CORDANTA A_ Nerzy | F35: 30-CORDANTA | G35: 030 | H35: 1C 12M | I35: Colheita Encerrada | J35: MOAGEM | K35: 22/05/2026 | L35: 15.46 | M35: 15.46 | N35: 15.46 | O35: 100 | P35: 1855.2 | Q35: 2709.347 | R35: -854.147 | S35: 120 | T35: 175.25 | U35: 46.04 | V35: Motanha
A36: 2026/2027 | B36: 2026/2027 | C36: ACIONISTA | D36: 8664 | E36: FAZ. CORDANTA A_ Nerzy | F36: 30-CORDANTA | G36: 031 | H36: 1C 12M | I36: Colheita Encerrada | J36: MOAGEM | K36: 22/05/2026 | L36: 14.1 | M36: 14.1 | N36: 14.1 | O36: 100 | P36: 1692 | Q36: 2471.096 | R36: -779.096 | S36: 120 | T36: 175.26 | U36: 46.05 | V36: Conceição da Barra
A37: 2026/2027 | B37: 2026/2027 | C37: ACIONISTA | D37: 8664 | E37: FAZ. CORDANTA A_ Nerzy | F37: 30-CORDANTA | G37: 032 | H37: 1C 12M | I37: Colheita Encerrada | J37: MOAGEM | K37: 22/05/2026 | L37: 13.93 | M37: 13.93 | N37: 13.93 | O37: 100 | P37: 1671.6 | Q37: 2441.223 | R37: -769.623 | S37: 120 | T37: 175.25 | U37: 46.04 | V37: Braço do Rio
A38: 2026/2027 | B38: 2026/2027 | C38: ACIONISTA | D38: 1741 | E38: FAZ. CORREGO SANTO ANTONIO_ Progresso | F38: 13-PROGRESSO | G38: 002 | H38: 1C 12M | I38: Colheita Encerrada | J38: MOAGEM | K38: 24/05/2026 | L38: 8.76 | M38: 8.76 | N38: 8.76 | O38: 100 | P38: 700.8 | Q38: 975.204 | R38: -274.404 | S38: 80 | T38: 111.32 | U38: 39.16 | V38: Pedro Canario
... A44: 2026/2027 | B44: 2026/2027 | C44: ACIONISTA | D44: 9035 | E44: FAZ. FRENTE DA LACUNA_ Nerzy | F44: 24-TAQUARA | G44: 009 | H44: 1C 12M | I44: Colheita Encerrada | J44: MOAGEM | K44: 26/05/2026 | L44: 11.9 | M44: 11.9 | N44: 11.9 | O44: 100 | P44: 1547 | Q44: 1765.865 | R44: -218.865 | S44: 130 | T44: 148.39 | U44: 14.15 | V44: Motanha
A45: 2026/2027 | B45: 2026/2027 | C45: ACIONISTA | D45: 9035 | E45: FAZ. FRENTE DA LACUNA_ Nerzy | F45: 24-TAQUARA | G45: 010 | H45: 1C 12M | I45: Colheita Encerrada | J45: MOAGEM | K45: 26/05/2026 | L45: 11.06 | M45: 11.06 | N45: 11.06 | O45: 100 | P45: 1437.8 | Q45: 1641.218 | R45: -203.418 | S45: 130 | T45: 148.39 | U45: 14.15
A46: 2026/2027 | B46: 2026/2027 | C46: ACIONISTA | D46: 9035 | E46: FAZ. FRENTE DA LACUNA_ Nerzy | F46: 24-TAQUARA | G46: 011 | H46: 1C 12M | I46: Colheita Encerrada | J46: MOAGEM | K46: 26/05/2026 | L46: 10.99 | M46: 10.99 | N46: 10.99 | O46: 100 | P46: 1428.7 | Q46: 1630.834 | R46: -202.134 | S46: 130 | T46: 148.39 | U46: 14.15
A47: 2026/2027 | B47: 2026/2027 | C47: ACIONISTA | D47: 9035 | E47: FAZ. FRENTE DA LACUNA_ Nerzy | F47: 24-TAQUARA | G47: 012 | H47: 1C 12M | I47: Colheita Encerrada | J47: MOAGEM | K47: 26/05/2026 | L47: 1.47 | M47: 1.47 | N47: 1.47 | O47: 100 | P47: 191.1 | Q47: 218.148 | R47: -27.048 | S47: 130 | T47: 148.4 | U47: 14.15
A48: 2026/2027 | B48: 2026/2027 | C48: ACIONISTA | D48: 9035 | E48: FAZ. FRENTE DA LACUNA_ Nerzy | F48: 24-TAQUARA | G48: 013 | H48: 1C 12M | I48: Colheita Encerrada | J48: MOAGEM | K48: 26/05/2026 | L48: 12.01 | M48: 12.01 | N48: 12.01 | O48: 100 | P48: 1561.3 | Q48: 1782.214 | R48: -220.914 | S48: 130 | T48: 148.39 | U48: 14.15
A49: 2026/2027 | B49: 2026/2027 | C49: ACIONISTA | D49: 9035 | E49: FAZ. FRENTE DA LACUNA_ Nerzy | F49: 24-TAQUARA | G49: 014 | H49: 1C 12M | I49: Colheita Encerrada | J49: MOAGEM | K49: 26/05/2026 | L49: 11.8 | M49: 11.8 | N49: 11.8 | O49: 100 | P49: 1534 | Q49: 1751.023 | R49: -217.023 | S49: 130 | T49: 148.39 | U49: 14.15
A50: 2026/2027 | B50: 2026/2027 | C50: ACIONISTA | D50: 9636 | E50: FAZ. CAMPO VERDE_Nerzy_Kelly | F50: 24-TAQUARA | G50: 005 | H50: 1C 12M | I50: Colheita Encerrada | J50: MOAGEM | K50: 02/06/2026 | L50: 5.38 | M50: 5.38 | N50: 5.38 | O50: 100 | P50: 484.2 | Q50: 628.807 | R50: -144.607 | S50: 90 | T50: 116.88 | U50: 29.87
A51: 2026/2027 | B51: 2026/2027 | C51: ACIONISTA | D51: 9636 | E51: FAZ. CAMPO VERDE_Nerzy_Kelly | F51: 24-TAQUARA | G51: 006 | H51: 1C 12M | I51: Colheita Encerrada | J51: MOAGEM | K51: 02/06/2026 | L51: 19.52 | M51: 19.52 | N51: 19.52 | O51: 100 | P51: 1756.8 | Q51: 2281.496 | R51: -524.696 | S51: 90 | T51: 116.88 | U51: 29.87
A52: 2026/2027 | B52: 2026/2027 | C52: FORNECEDOR | D52: 7889 | E52: SITIO JACUPEMBA_Valdete Lopes | F52: 21-CRISTAL | G52: 001 | H52: 1C 12M | I52: Colheita Encerrada | J52: MOAGEM | K52: 04/06/2026 | L52: 8.83 | M52: 8.83 | N52: 8.83 | O52: 100 | P52: 794.7 | Q52: 1111.085 | R52: -316.385 | S52: 90 | T52: 125.83 | U52: 39.81 | V52: Conceição da Barra
A53: 2026/2027 | B53: 2026/2027 | C53: FORNECEDOR | D53: 7889 | E53: SITIO JACUPEMBA_Valdete Lopes | F53: 21-CRISTAL | G53: 009 | H53: 1C 12M | I53: Colheita Encerrada | J53: MOAGEM | K53: 04/06/2026 | L53: 12.15 | M53: 12.15 | N53: 12.15 | O53: 100 | P53: 1093.5 | Q53: 1528.853 | R53: -435.353 | S53: 90 | T53: 125.83 | U53: 39.81 | V53: Braço do Rio
A54: 2026/2027 | B54: 2026/2027 | C54: ACIONISTA | D54: 8656 | E54: FAZ. CORDANTA C_Nerzy | F54: 30-CORDANTA | G54: 020 | H54: 1C 12M | I54: Colheita Encerrada | J54: MOAGEM | K54: 25/06/2026 | L54: 9.46 | M54: 9.46 | N54: 9.46 | O54: 100 | P54: 851.4 | Q54: 926.131 | R54: -74.731 | S54: 90 | T54: 97.9 | U54: 8.78 | V54: Pedro Canario
A55: 2026/2027 | B55: 2026/2027 | C55: ACIONISTA | D55: 8656 | E55: FAZ. CORDANTA C_Nerzy | F55: 30-CORDANTA | G55: 021 | H55: 1C 12M | I55: Colheita Encerrada | J55: MOAGEM | K55: 25/06/2026 | L55: 1.16 | M55: 1.16 | N55: 1.16 | O55: 100 | P55: 104.4 | Q55: 113.565 | R55: -9.165 | S55: 90 | T55: 97.9 | U55: 8.78 | V55: Nanuque
A56: 2026/2027 | B56: 2026/2027 | C56: ACIONISTA | D56: 8656 | E56: FAZ. CORDANTA C_Nerzy | F56: 30-CORDANTA | G56: 023 | H56: 1C 12M | I56: Colheita Encerrada | J56: MOAGEM | K56: 25/06/2026 | L56: 4.27 | M56: 4.27 | N56: 4.27 | O56: 100 | P56: 384.3 | Q56: 418.042 | R56: -33.742 | S56: 90 | T56: 97.9 | U56: 8.78 | V56: São Mateus
A57: 2026/2027 | B57: 2026/2027 | C57: FORNECEDOR | D57: 1406 | E57: FAZ. PRIMAVERA II_ Sinvaldo | F57: 14-AVILAS | G57: 002 | H57: 1C 12M INV | I57: Colheita Encerrada | J57: MOAGEM | K57: 07/05/2026 | L57: 13.72 | M57: 13.72 | N57: 0 | O57: 0 | P57: 1303.4 | Q57: 1675.21 | R57: -371.81 | S57: 95 | T57: 0 | U57: 0 | V57: Pinheiros
A58: 2026/2027 | B58: 2026/2027 | C58: FORNECEDOR | D58: 9334 | E58: FAZ. GRANADA_ Lucas Azevedo | F58: 21-CRISTAL | G58: 001 | H58: 1C 12M INV | I58: Colheita Encerrada | J58: MOAGEM | K58: 07/06/2026 | L58: 14.32 | M58: 14.32 | N58: 14.32 | O58: 100 | P58: 1360.4 | Q58: 1542.52 | R58: -182.12 | S58: 95 | T58: 107.72 | U58: 13.39 | V58: Boa Esperaça
A59: 2026/2027 | B59: 2026/2027 | C59: ACIONISTA | D59: 6491 | E59: FAZ. YPUEIRA II_ Nerzy Junior | F59: 17-FLORESTA DO SUL | G59: 002 | H59: 1C 12M INV | I59: Colheita Encerrada | J59: MOAGEM | K59: 16/06/2026 | L59: 1.91 | M59: 1.91 | N59: 1.91 | O59: 100 | P59: 229.2 | Q59: 260.234 | R59: -31.034 | S59: 120 | T59: 136.25 | U59: 13.54 | V59: Mucuri
A60: 2026/2027 | B60: 2026/2027 | C60: ACIONISTA | D60: 6491 | E60: FAZ. YPUEIRA II_ Nerzy Junior | F60: 17-FLORESTA DO SUL | G60: 003 | H60: 1C 12M INV | I60: Colheita Encerrada | J60: MOAGEM | K60: 16/06/2026 | L60: 8.47 | M60: 8.47 | N60: 8.47 | O60: 100 | P60: 1016.4 | Q60: 1154.029 | R60: -137.629 | S60: 120 | T60: 136.25 | U60: 13.54 | V60: Motanha
A61: 2026/2027 | B61: 2026/2027 | C61: ACIONISTA | D61: 6491 | E61: FAZ. YPUEIRA II_ Nerzy Junior | F61: 17-FLORESTA DO SUL | G61: 004 | H61: 1C 12M INV | I61: Colheita Encerrada | J61: MOAGEM | K61: 16/06/2026 | L61: 23.64 | M61: 23.64 | N61: 23.64 | O61: 100 | P61: 2836.8 | Q61: 3220.963 | R61: -384.163 | S61: 120 | T61: 136.25 | U61: 13.54
A62: 2026/2027 | B62: 2026/2027 | C62: ACIONISTA | D62: 6491 | E62: FAZ. YPUEIRA II_ Nerzy Junior | F62: 17-FLORESTA DO SUL | G62: 005 | H62: 1C 12M INV | I62: Colheita Encerrada | J62: MOAGEM | K62: 16/06/2026 | L62: 22.48 | M62: 22.48 | N62: 22.48 | O62: 100 | P62: 2697.6 | Q62: 3062.924 | R62: -365.324 | S62: 120 | T62: 136.25 | U62: 13.54
A63: 2026/2027 | B63: 2026/2027 | C63: ACIONISTA | D63: 6491 | E63: FAZ. YPUEIRA II_ Nerzy Junior | F63: 17-FLORESTA DO SUL | G63: 006 | H63: 1C 12M INV | I63: Colheita Encerrada | J63: MOAGEM | K63: 16/06/2026 | L63: 1.04 | M63: 1.04 | N63: 1.04 | O63: 100 | P63: 124.8 | Q63: 141.683 | R63: -16.883 | S63: 120 | T63: 136.23 | U63: 13.53
A64: 2026/2027 | B64: 2026/2027 | C64: FORNECEDOR | D64: 9592 | E64: FAZ. DIVISOR_ Marcelo Brito | F64: 21-CRISTAL | G64: 001 | H64: 1C 12M INV | I64: Colheita Encerrada | J64: MOAGEM | K64: 16/06/2026 | L64: 3.91 | M64: 3.91 | N64: 3.91 | O64: 100 | P64: 371.45 | Q64: 396.129 | R64: -24.679 | S64: 95 | T64: 101.31 | U64: 6.64
A65: 2026/2027 | B65: 2026/2027 | C65: FORNECEDOR | D65: 9592 | E65: FAZ. DIVISOR_ Marcelo Brito | F65: 21-CRISTAL | G65: 002 | H65: 1C 12M INV | I65: Colheita Encerrada | J65: MOAGEM | K65: 16/06/2026 | L65: 0.89 | M65: 0.89 | N65: 0.89 | O65: 100 | P65: 84.55 | Q65: 90.171 | R65: -5.621 | S65: 95 | T65: 101.32 | U65: 6.65
A66: 2026/2027 | B66: 2026/2027 | C66: FORNECEDOR | D66: 4308 | E66: FAZ. RECANTO_ Otaviano | F66: 21-CRISTAL | G66: 012 | H66: 1C 12M INV | I66: Colheita Encerrada | J66: MOAGEM | K66: 16/06/2026 | L66: 9.27 | M66: 9.27 | N66: 9.27 | O66: 100 | P66: 880.65 | Q66: 718.89 | R66: 161.76 | S66: 95 | T66: 77.55 | U66: -18.37
A67: 2026/2027 | B67: 2026/2027 | C67: ACIONISTA | D67: 361 | E67: FAZ. NOVA LIMA | F67: 03-RUI | G67: 001 | H67: 1C 12M INV | I67: Colheita Encerrada | J67: MOAGEM | K67: 26/06/2026 | L67: 11.83 | M67: 11.83 | N67: 11.83 | O67: 100 | P67: 1123.85 | Q67: 1275.384 | R67: -151.534 | S67: 95 | T67: 107.81 | U67: 13.48
A68: 2026/2027 | B68: 2026/2027 | C68: ACIONISTA | D68: 361 | E68: FAZ. NOVA LIMA | F68: 03-RUI | G68: 002 | H68: 1C 12M INV | I68: Colheita Encerrada | J68: MOAGEM | K68: 26/06/2026 | L68: 8.79 | M68: 8.79 | N68: 8.79 | O68: 100 | P68: 835.05 | Q68: 947.651 | R68: -112.601 | S68: 95 | T68: 107.81 | U68: 13.48
A69: 2026/2027 | B69: 2026/2027 | C69: ACIONISTA | D69: 361 | E69: FAZ. NOVA LIMA | F69: 03-RUI | G69: 005 | H69: 1C 12M INV | I69: Colheita Encerrada | J69: MOAGEM | K69: 26/06/2026 | L69: 6.19 | M69: 6.19 | N69: 6.19 | O69: 100 | P69: 588.05 | Q69: 667.351 | R69: -79.301 | S69: 95 | T69: 107.81 | U69: 13.49
A70: 2026/2027 | B70: 2026/2027 | C70: ACIONISTA | D70: 361 | E70: FAZ. NOVA LIMA | F70: 03-RUI | G70: 007 | H70: 1C 12M INV | I70: Colheita Encerrada | J70: MOAGEM | K70: 26/06/2026 | L70: 6.85 | M70: 6.85 | N70: 6.85 | O70: 100 | P70: 650.75 | Q70: 738.499 | R70: -87.749 | S70: 95 | T70: 107.81 | U70: 13.48
A71: 2026/2027 | B71: 2026/2027 | C71: ACIONISTA | D71: 361 | E71: FAZ. NOVA LIMA | F71: 03-RUI | G71: 008 | H71: 1C 12M INV | I71: Colheita Encerrada | J71: MOAGEM | K71: 26/06/2026 | L71: 7.73 | M71: 7.73 | N71: 7.73 | O71: 100 | P71: 734.35 | Q71: 833.379 | R71: -99.029 | S71: 95 | T71: 107.81 | U71: 13.49
A72: 2026/2027 | B72: 2026/2027 | C72: ACIONISTA | D72: 361 | E72: FAZ. NOVA LIMA | F72: 03-RUI | G72: 009 | H72: 1C 12M INV | I72: Colheita Encerrada | J72: MOAGEM | K72: 26/06/2026 | L72: 10.55 | M72: 10.55 | N72: 10.55 | O72: 100 | P72: 1002.25 | Q72: 1137.401 | R72: -135.151 | S72: 95 | T72: 107.81 | U72: 13.48
... A1134: 2026/2027 | B1134: 2026/2027 | C1134: ACIONISTA | D1134: 8656 | E1134: FAZ. CORDANTA C_Nerzy | F1134: 30-CORDANTA | G1134: 009 | H1134: 1C 18M | I1134: Reservado para cultura | J1134: MOAGEM | K1134: 25/06/2026 | L1134: 12 | M1134: 12 | N1134: 12 | O1134: 100 | P1134: 1260 | Q1134: 1370.594 | R1134: -110.594 | S1134: 105 | T1134: 114.22 | U1134: 8.78
A1135: 2026/2027 | B1135: 2026/2027 | C1135: ACIONISTA | D1135: 442 | E1135: FAZ. TREVO DA BARRA I | F1135: 09-TREVO/SAMADY | G1135: 001 | H1135: 5C | I1135: Colheita Encerrada | K1135: 26/05/2026 | L1135: 11.96 | M1135: 0 | N1135: 11.96 | O1135: 1196 | P1135: 0 | Q1135: 593.233 | R1135: 0 | S1135: 0 | T1135: 49.6 | U1135: 0
A1136: 2026/2027 | B1136: 2026/2027 | C1136: ACIONISTA | D1136: 442 | E1136: FAZ. TREVO DA BARRA I | F1136: 09-TREVO/SAMADY | G1136: 002 | H1136: 5C | I1136: Colheita Encerrada | K1136: 26/05/2026 | L1136: 13.1 | M1136: 0 | N1136: 13.1 | O1136: 1310 | P1136: 0 | Q1136: 649.764 | R1136: 0 | S1136: 0 | T1136: 49.6 | U1136: 0
A1137: 2026/2027 | B1137: 2026/2027 | C1137: ACIONISTA | D1137: 442 | E1137: FAZ. TREVO DA BARRA I | F1137: 09-TREVO/SAMADY | G1137: 003 | H1137: 5C | I1137: Colheita Encerrada | K1137: 26/05/2026 | L1137: 10.27 | M1137: 0 | N1137: 10.27 | O1137: 1027 | P1137: 0 | Q1137: 509.402 | R1137: 0 | S1137: 0 | T1137: 49.6 | U1137: 0
A1138: 2026/2027 | B1138: 2026/2027 | C1138: ACIONISTA | D1138: 442 | E1138: FAZ. TREVO DA BARRA I | F1138: 09-TREVO/SAMADY | G1138: 004 | H1138: 5C | I1138: Colheita Encerrada | K1138: 26/05/2026 | L1138: 6.42 | M1138: 0 | N1138: 6.42 | O1138: 642 | P1138: 0 | Q1138: 318.438 | R1138: 0 | S1138: 0 | T1138: 49.6 | U1138: 0
A1139: 2026/2027 | B1139: 2026/2027 | C1139: ACIONISTA | D1139: 442 | E1139: FAZ. TREVO DA BARRA I | F1139: 09-TREVO/SAMADY | G1139: 005 | H1139: 5C | I1139: Colheita Encerrada | K1139: 26/05/2026 | L1139: 3.24 | M1139: 0 | N1139: 3.24 | O1139: 324 | P1139: 0 | Q1139: 160.704 | R1139: 0 | S1139: 0 | T1139: 49.6 | U1139: 0
A1140: 2026/2027 | B1140: 2026/2027 | C1140: ACIONISTA | D1140: 442 | E1140: FAZ. TREVO DA BARRA I | F1140: 09-TREVO/SAMADY | G1140: 006 | H1140: 5C | I1140: Colheita Encerrada | K1140: 26/05/2026 | L1140: 3.42 | M1140: 0 | N1140: 3.42 | O1140: 342 | P1140: 0 | Q1140: 169.641 | R1140: 0 | S1140: 0 | T1140: 49.6 | U1140: 0
A1141: 2026/2027 | B1141: 2026/2027 | C1141: ACIONISTA | D1141: 442 | E1141: FAZ. TREVO DA BARRA I | F1141: 09-TREVO/SAMADY | G1141: 007 | H1141: 5C | I1141: Colheita Encerrada | K1141: 26/05/2026 | L1141: 2.63 | M1141: 0 | N1141: 2.63 | O1141: 263 | P1141: 0 | Q1141: 130.453 | R1141: 0 | S1141: 0 | T1141: 49.6 | U1141: 0
A1142: 2026/2027 | B1142: 2026/2027 | C1142: ACIONISTA | D1142: 442 | E1142: FAZ. TREVO DA BARRA I | F1142: 09-TREVO/SAMADY | G1142: 008 | H1142: 5C | I1142: Colheita Encerrada | K1142: 26/05/2026 | L1142: 0.2 | M1142: 0 | N1142: 0.2 | O1142: 20 | P1142: 0 | Q1142: 9.914 | R1142: 0 | S1142: 0 | T1142: 49.57 | U1142: 0
A1143: 2026/2027 | B1143: 2026/2027 | C1143: ACIONISTA | D1143: 442 | E1143: FAZ. TREVO DA BARRA I | F1143: 09-TREVO/SAMADY | G1143: 009 | H1143: 5C | I1143: Colheita Encerrada | K1143: 26/05/2026 | L1143: 0.93 | M1143: 0 | N1143: 0.93 | O1143: 93 | P1143: 0 | Q1143: 46.127 | R1143: 0 | S1143: 0 | T1143: 49.6 | U1143: 0
A1144: 2026/2027 | B1144: 2026/2027 | C1144: ACIONISTA | D1144: 442 | E1144: FAZ. TREVO DA BARRA I | F1144: 09-TREVO/SAMADY | G1144: 010 | H1144: 5C | I1144: Colheita Encerrada | K1144: 26/05/2026 | L1144: 3.03 | M1144: 0 | N1144: 3.03 | O1144: 303 | P1144: 0 | Q1144: 150.264 | R1144: 0 | S1144: 0 | T1144: 49.59 | U1144: 0

Sheet BASEATR
A1: Unidade Receptora | B1: Projeto | C1: Periodo | D1: Fundo Agrícola | E1: Data Produção | F1: Qtd Cargas | G1: Qtd Analises | H1: Produção Total | I1: Produção Analisada | J1: BRIX | K1: LS | L1: PBU | M1: PH | N1: Impureza Mineral | O1: ATR | P1: Fibra | Q1: AR Caldo | R1: AR Cana | S1: POL Caldo | T1: POL Cana | U1: Pureza
A2: NDB HOLDING AGRICOLA LTDA | B2: 2026/2027 | C2: 2026/2027 | D2: 167 - FAZ. SAYONARA - PROJETO 16 | E2: 17/04/2026 | F2: 44 | G2: 13 | H2: 1293.26 | I2: 382.04 | J2: 13.75 | K2: 41.44 | L2: 161.52 | M2: 4.96 | N2: 0 | O2: 89.05 | P2: 13.8 | Q2: 1.09 | R2: 0.89 | S2: 10.23 | T2: 8.4 | U2: 74.41
A3: NDB HOLDING AGRICOLA LTDA | B3: 2026/2027 | C3: 2026/2027 | D3: 205 - FAZ. SAYONARA - PROJETO 22 | E3: 17/04/2026 | F3: 11 | G3: 6 | H3: 324.46 | I3: 169.48 | J3: 14.87 | K3: 46.18 | L3: 161.84 | M3: 5.23 | N3: 0 | O3: 97.35 | P3: 13.82 | Q3: 1.02 | R3: 0.84 | S3: 11.35 | T3: 9.31 | U3: 76.34
A4: NDB HOLDING AGRICOLA LTDA | B4: 2026/2027 | C4: 2026/2027 | D4: 5941 - FAZ. YPUEIRÁ_ Erivan | E4: 17/04/2026 | F4: 18 | G4: 9 | H4: 520.86 | I4: 260.99 | J4: 16.01 | K4: 50.62 | L4: 160.14 | M4: 4.38 | N4: 0 | O4: 105.51 | P4: 13.69 | Q4: 0.99 | R4: 0.81 | S4: 12.39 | T4: 10.18 | U4: 77.36
A5: NDB HOLDING AGRICOLA LTDA | B5: 2026/2027 | C5: 2026/2027 | D5: 7391 - FAZ. SANTA HELENA II_ Diomedes Picolli | E5: 17/04/2026 | F5: 26 | G5: 14 | H5: 801.82 | I5: 434.99 | J5: 17.2 | K5: 55.55 | L5: 176.82 | M5: 4.35 | N5: 0 | O5: 111.55 | P5: 15.02 | Q5: 0.94 | R5: 0.76 | S5: 13.53 | T5: 10.86 | U5: 78.64
A6: NDB HOLDING AGRICOLA LTDA | B6: 2026/2027 | C6: 2026/2027 | D6: 8656 - FAZ. CORDANTA C_Nerzy | E6: 17/04/2026 | F6: 14 | G6: 4 | H6: 470.72 | I6: 133.45 | J6: 16.2 | K6: 53.64 | L6: 158.9 | M6: 5.23 | N6: 0 | O6: 110.55 | P6: 13.59 | Q6: 0.86 | R6: 0.71 | S6: 13.11 | T6: 10.8 | U6: 80.95
A7: NDB HOLDING AGRICOLA LTDA | B7: 2026/2027 | C7: 2026/2027 | D7: 8681 - FAZ. CANA LONGA_ Nerzy | E7: 17/04/2026 | F7: 37 | G7: 15 | H7: 1184.46 | I7: 478.81 | J7: 15.45 | K7: 46.84 | L7: 167.77 | M7: 4.21 | N7: 0 | O7: 98.11 | P7: 14.3 | Q7: 1.09 | R7: 0.89 | S7: 11.49 | T7: 9.34 | U7: 74.35
A8: NDB HOLDING AGRICOLA LTDA | B8: 2026/2027 | C8: 2026/2027 | D8: 9121 - FAZ. GUANABARA I_ Albesa | E8: 17/04/2026 | F8: 22 | G8: 6 | H8: 661.04 | I8: 188.8 | J8: 19.12 | K8: 65.85 | L8: 165.4 | M8: 4.67 | N8: 0 | O8: 130.94 | P8: 14.11 | Q8: 0.79 | R8: 0.64 | S8: 15.91 | T8: 12.98 | U8: 83.21
A9: NDB HOLDING AGRICOLA LTDA | B9: 2026/2027 | C9: 2026/2027 | D9: 9929 - FAZ. SAO PEDRO_ Alessandra Saude | E9: 17/04/2026 | F9: 4 | G9: 4 | H9: 133.8 | I9: 133.8 | J9: 15.9 | K9: 51 | L9: 151.66 | M9: 4.71 | N9: 0 | O9: 107.27 | P9: 13.01 | Q9: 0.95 | R9: 0.79 | S9: 12.48 | T9: 10.39 | U9: 78.52
A10: NDB HOLDING AGRICOLA LTDA | B10: 2026/2027 | C10: 2026/2027 | D10: 167 - FAZ. SAYONARA - PROJETO 16 | E10: 18/04/2026 | F10: 69 | G10: 17 | H10: 2029.5 | I10: 457.55 | J10: 14.42 | K10: 44.61 | L10: 169.07 | M10: 5.28 | N10: 8.87 | O10: 93.54 | P10: 14.4 | Q10: 1.03 | R10: 0.83 | S10: 10.99 | T10: 8.92 | U10: 76.18
A11: NDB HOLDING AGRICOLA LTDA | B11: 2026/2027 | C11: 2026/2027 | D11: 205 - FAZ. SAYONARA - PROJETO 22 | E11: 18/04/2026 | F11: 20 | G11: 6 | H11: 556.08 | I11: 163.68 | J11: 14.96 | K11: 46.55 | L11: 176.11 | M11: 5.33 | N11: 0 | O11: 96.04 | P11: 14.96 | Q11: 1.02 | R11: 0.82 | S11: 11.44 | T11: 9.19 | U11: 76.46
A12: NDB HOLDING AGRICOLA LTDA | B12: 2026/2027 | C12: 2026/2027 | D12: 5941 - FAZ. YPUEIRÁ_ Erivan | E12: 18/04/2026 | F12: 24 | G12: 11 | H12: 728.74 | I12: 325.96 | J12: 16.27 | K12: 52.97 | L12: 156.81 | M12: 4.83 | N12: 15.13 | O12: 109.9 | P12: 13.42 | Q12: 0.91 | R12: 0.75 | S12: 12.95 | T12: 10.7 | U12: 79.58
A13: NDB HOLDING AGRICOLA LTDA | B13: 2026/2027 | C13: 2026/2027 | D13: 7391 - FAZ. SANTA HELENA II_ Diomedes Picolli | E13: 18/04/2026 | F13: 50 | G13: 13 | H13: 1557.16 | I13: 408.62 | J13: 17.17 | K13: 56.93 | L13: 166.9 | M13: 4.64 | N13: 0 | O13: 115.24 | P13: 14.23 | Q13: 0.87 | R13: 0.71 | S13: 13.86 | T13: 11.29 | U13: 80.75
... A790: NDB HOLDING AGRICOLA LTDA | B790: 2026/2027 | C790: 2026/2027 | D790: 9974 - FAZ. SOUZA LINDA_ Nerzy | E790: 12/07/2026 | F790: 50 | G790: 15 | H790: 1474.9 | I790: 428.01 | J790: 18.25 | K790: 62.08 | L790: 174.98 | M790: 4.56 | N790: 8.67 | O790: 122.7 | P790: 14.87 | Q790: 0.81 | R790: 0.65 | S790: 15.05 | T790: 12.12 | U790: 82.48

Sheet ESTIMATIVA
A1: Safra | B1: Setor | C1: Gleba | D1: Código Fazenda | E1: Fazenda | F1: Folha | G1: Variedade | H1: Data Colheita/Plantio | I1: Área Cadastro | J1: Área Estimada | K1: TCH Estimado | L1: TCH Real | M1: Finalidade | N1: Tonelada Real | O1: cidade
A2: 2026/2027 | B2: ACIONISTA | C2: 01-PROXIMO | D2: 19 | E2: FAZ. SAYONARA - PROJETO 01 | F2: 5C | G2: RB11-7436 | H2: 14/04/2025 | I2: 25.49 | J2: 25.49 | K2: 55 | L2: 0 | M2: MOAGEM | N2: 0 | O2: Conceição da Barra
A3: 2026/2027 | B3: ACIONISTA | C3: 01-PROXIMO | D3: 19 | E3: FAZ. SAYONARA - PROJETO 01 | F3: 5C | G3: RB10-8519 | H3: 14/04/2025 | I3: 8.8 | J3: 8.8 | K3: 55 | L3: 0 | M3: MOAGEM | N3: 0 | O3: Braço do Rio
A4: 2026/2027 | B4: ACIONISTA | C4: 01-PROXIMO | D4: 27 | E4: FAZ. SAYONARA - PROJETO 02 | F4: 5C | G4: RB11-7436 | H4: 28/06/2025 | I4: 29.45 | J4: 29.45 | K4: 55 | L4: 0 | M4: MOAGEM | N4: 0 | O4: Pedro Canario
A5: 2026/2027 | B5: ACIONISTA | C5: 01-PROXIMO | D5: 35 | E5: FAZ. SAYONARA - PROJETO 03 | F5: 5C | G5: RB11-7436 | H5: 28/06/2025 | I5: 47.17 | J5: 47.17 | K5: 55 | L5: 0 | M5: MOAGEM | N5: 0 | O5: Nanuque
A6: 2026/2027 | B6: ACIONISTA | C6: 01-PROXIMO | D6: 43 | E6: FAZ. SAYONARA - PROJETO 07 | F6: 2C | G6: RB92-5345 | H6: 19/11/2025 | I6: 10.04 | J6: 4.1 | K6: 80 | L6: 0 | M6: MOAGEM | N6: 0 | O6: São Mateus
A7: 2026/2027 | B7: ACIONISTA | C7: 01-PROXIMO | D7: 43 | E7: FAZ. SAYONARA - PROJETO 07 | F7: 1C 18M | G7: CTC9001BT | H7: 03/03/2025 | I7: 8.32 | J7: 3.03 | K7: 105 | L7: 0 | M7: MOAGEM | N7: 0 | O7: Pinheiros
A8: 2026/2027 | B8: ACIONISTA | C8: 01-PROXIMO | D8: 43 | E8: FAZ. SAYONARA - PROJETO 07 | F8: 1C 18M | G8: RB92-5345 | H8: 03/03/2025 | I8: 8.79 | J8: 5 | K8: 105 | L8: 0 | M8: MOAGEM | N8: 0 | O8: Boa Esperaça
A9: 2026/2027 | B9: ACIONISTA | C9: 01-PROXIMO | D9: 43 | E9: FAZ. SAYONARA - PROJETO 07 | F9: 2C | G9: RB20-8504 | H9: 19/11/2025 | I9: 10.04 | J9: 0.34 | K9: 80 | L9: 0 | M9: MOAGEM | N9: 0 | O9: Mucuri
A10: 2026/2027 | B10: ACIONISTA | C10: 01-PROXIMO | D10: 43 | E10: FAZ. SAYONARA - PROJETO 07 | F10: 1C 18M | G10: CTNE0787 | H10: 03/03/2025 | I10: 6.3 | J10: 3.95 | K10: 105 | L10: 0 | M10: MOAGEM | N10: 0 | O10: Motanha
A11: 2026/2027 | B11: ACIONISTA | C11: 01-PROXIMO | D11: 43 | E11: FAZ. SAYONARA - PROJETO 07 | F11: 2C | G11: RB16-8058 | H11: 19/11/2025 | I11: 10.04 | J11: 2.6 | K11: 80 | L11: 0 | M11: MOAGEM | N11: 0 | O11: Conceição da Barra
A12: 2026/2027 | B12: ACIONISTA | C12: 01-PROXIMO | D12: 43 | E12: FAZ. SAYONARA - PROJETO 07 | F12: 2C | G12: RB00-6995 | H12: 19/11/2025 | I12: 10.04 | J12: 3 | K12: 80 | L12: 0 | M12: MOAGEM | N12: 0 | O12: Braço do Rio
A13: 2026/2027 | B13: ACIONISTA | C13: 01-PROXIMO | D13: 43 | E13: FAZ. SAYONARA - PROJETO 07 | F13: 1C 18M | G13: RB00-6995 | H13: 03/03/2025 | I13: 23.41 | J13: 11.43 | K13: 105 | L13: 0 | M13: MOAGEM | N13: 0 | O13: Pedro Canario
... A19: 2026/2027 | B19: ACIONISTA | C19: 01-PROXIMO | D19: 94 | E19: FAZ. SAYONARA - PROJETO 06 | F19: 5C | G19: RB97-5952 | H19: 24/06/2025 | I19: 4.81 | J19: 4.81 | K19: 55 | L19: 0 | M19: MOAGEM | N19: 0 | O19: Motanha
A20: 2026/2027 | B20: ACIONISTA | C20: 01-PROXIMO | D20: 94 | E20: FAZ. SAYONARA - PROJETO 06 | F20: 5C | G20: RB97-5033 | H20: 24/06/2025 | I20: 7.39 | J20: 7.39 | K20: 55 | L20: 0 | M20: MOAGEM | N20: 0
A21: 2026/2027 | B21: ACIONISTA | C21: 01-PROXIMO | D21: 94 | E21: FAZ. SAYONARA - PROJETO 06 | F21: 4C | G21: RB97-5952 | H21: 06/08/2025 | I21: 8.9 | J21: 8.9 | K21: 60 | L21: 0 | M21: MOAGEM | N21: 0
A22: 2026/2027 | B22: ACIONISTA | C22: 01-PROXIMO | D22: 108 | E22: FAZ. SAYONARA - PROJETO 10 | F22: 10C | G22: RB95-5977 | H22: 01/01/2026 | I22: 6.42 | J22: 6.42 | K22: 50 | L22: 0 | M22: MOAGEM | N22: 0
A23: 2026/2027 | B23: ACIONISTA | C23: 01-PROXIMO | D23: 108 | E23: FAZ. SAYONARA - PROJETO 10 | F23: 4C | G23: VIVEIRO | H23: 01/01/2026 | I23: 9.05 | J23: 9.05 | K23: 60 | L23: 0 | M23: MOAGEM | N23: 0
A24: 2026/2027 | B24: ACIONISTA | C24: 01-PROXIMO | D24: 108 | E24: FAZ. SAYONARA - PROJETO 10 | F24: 5C | G24: RB95-5977 | H24: 01/01/2026 | I24: 3.43 | J24: 3.43 | K24: 55 | L24: 0 | M24: MOAGEM | N24: 0
A25: 2026/2027 | B25: ACIONISTA | C25: 01-PROXIMO | D25: 108 | E25: FAZ. SAYONARA - PROJETO 10 | F25: 5C | G25: RB86-7515 | H25: 01/01/2026 | I25: 7.81 | J25: 7.81 | K25: 55 | L25: 0 | M25: MOAGEM | N25: 0
A26: 2026/2027 | B26: ACIONISTA | C26: 01-PROXIMO | D26: 108 | E26: FAZ. SAYONARA - PROJETO 10 | F26: 9C | G26: RB95-5977 | H26: 01/01/2026 | I26: 107.54 | J26: 107.54 | K26: 50 | L26: 0 | M26: MOAGEM | N26: 0
A27: 2026/2027 | B27: ACIONISTA | C27: 01-PROXIMO | D27: 116 | E27: FAZ. SAYONARA - PROJETO 11 | F27: 3C | G27: RB01-1443 | H27: 03/01/2025 | I27: 1.32 | J27: 0.32 | K27: 110 | L27: 138.49 | M27: MOAGEM | N27: 182.81 | O27: Conceição da Barra
A28: 2026/2027 | B28: ACIONISTA | C28: 01-PROXIMO | D28: 116 | E28: FAZ. SAYONARA - PROJETO 11 | F28: 3C | G28: RB00-6995 | H28: 10/12/2025 | I28: 106.87 | J28: 106.55 | K28: 110 | L28: 138.51 | M28: MOAGEM | N28: 14802.13 | O28: Braço do Rio
A29: 2026/2027 | B29: ACIONISTA | C29: 01-PROXIMO | D29: 124 | E29: FAZ. SAYONARA - PROJETO 12 | F29: 8C | G29: RB86-7515 | H29: 13/04/2025 | I29: 2.41 | J29: 2.41 | K29: 50 | L29: 81.13 | M29: MOAGEM | N29: 195.52 | O29: Pedro Canario
A30: 2026/2027 | B30: ACIONISTA | C30: 01-PROXIMO | D30: 124 | E30: FAZ. SAYONARA - PROJETO 12 | F30: 7C | G30: RB93-7570 | H30: 15/09/2023 | I30: 4.54 | J30: 4.54 | K30: 50 | L30: 81.13 | M30: MOAGEM | N30: 368.33 | O30: Nanuque
A31: 2026/2027 | B31: ACIONISTA | C31: 01-PROXIMO | D31: 124 | E31: FAZ. SAYONARA - PROJETO 12 | F31: 6C | G31: RB86-7515 | H31: 13/04/2025 | I31: 50.92 | J31: 50.92 | K31: 50 | L31: 60.38 | M31: MOAGEM | N31: 3074.8 | O31: São Mateus
A32: 2026/2027 | B32: ACIONISTA | C32: 01-PROXIMO | D32: 132 | E32: FAZ. SAYONARA - PROJETO 13 | F32: 1C 12M | G32: RB 056251 | H32: 02/01/2024 | I32: 2.9 | J32: 0.7 | K32: 90 | L32: 0 | M32: MOAGEM | N32: 0 | O32: Pinheiros
A33: 2026/2027 | B33: ACIONISTA | C33: 01-PROXIMO | D33: 132 | E33: FAZ. SAYONARA - PROJETO 13 | F33: 1C 12M | G33: VIVEIRO | H33: 02/01/2024 | I33: 2.9 | J33: 1.5 | K33: 90 | L33: 0 | M33: MOAGEM | N33: 0 | O33: Boa Esperaça
A34: 2026/2027 | B34: ACIONISTA | C34: 01-PROXIMO | D34: 132 | E34: FAZ. SAYONARA - PROJETO 13 | F34: 1C 18M | G34: VIVEIRO | H34: 20/03/2025 | I34: 3 | J34: 3 | K34: 105 | L34: 0 | M34: MOAGEM | N34: 0 | O34: Mucuri
A35: 2026/2027 | B35: ACIONISTA | C35: 01-PROXIMO | D35: 132 | E35: FAZ. SAYONARA - PROJETO 13 | F35: 3C | G35: VIVEIRO | H35: 17/03/2025 | I35: 3 | J35: 3 | K35: 70 | L35: 0 | M35: MOAGEM | N35: 0 | O35: Motanha
A36: 2026/2027 | B36: ACIONISTA | C36: 01-PROXIMO | D36: 159 | E36: FAZ. SAYONARA - PROJETO 15 | F36: 5C | G36: RB86-7515 | H36: 03/01/2025 | I36: 22.09 | J36: 22.09 | K36: 55 | L36: 96.36 | M36: MOAGEM | N36: 2128.56 | O36: Conceição da Barra
A37: 2026/2027 | B37: ACIONISTA | C37: 01-PROXIMO | D37: 159 | E37: FAZ. SAYONARA - PROJETO 15 | F37: 6C | G37: RB86-7515 | H37: 02/01/2026 | I37: 28.2 | J37: 28.2 | K37: 50 | L37: 8.29 | M37: MOAGEM | N37: 233.89 | O37: Braço do Rio
A38: 2026/2027 | B38: ACIONISTA | C38: 01-PROXIMO | D38: 167 | E38: FAZ. SAYONARA - PROJETO 16 | F38: 5C | G38: RB92-5345 | H38: 27/07/2025 | I38: 53.07 | J38: 53.07 | K38: 65 | L38: 88.96 | M38: MOAGEM | N38: 4721.22 | O38: Pedro Canario
... A44: 2026/2027 | B44: ACIONISTA | C44: 01-PROXIMO | D44: 205 | E44: FAZ. SAYONARA - PROJETO 22 | F44: 6C | G44: RB86-7515 | H44: 03/05/2025 | I44: 44.73 | J44: 44.73 | K44: 50 | L44: 61.11 | M44: MOAGEM | N44: 2733.26 | O44: Motanha
A45: 2026/2027 | B45: ACIONISTA | C45: 01-PROXIMO | D45: 205 | E45: FAZ. SAYONARA - PROJETO 22 | F45: 7C | G45: RB95-5977 | H45: 03/05/2025 | I45: 13.73 | J45: 13.73 | K45: 50 | L45: 5.7 | M45: MOAGEM | N45: 78.22
A46: 2026/2027 | B46: ACIONISTA | C46: 01-PROXIMO | D46: 213 | E46: FAZ. SAYONARA - PROJETO 23 | F46: 5C | G46: RB11-7216 | H46: 08/07/2025 | I46: 50.29 | J46: 50.29 | K46: 55 | L46: 0 | M46: MOAGEM | N46: 0
A47: 2026/2027 | B47: ACIONISTA | C47: 01-PROXIMO | D47: 213 | E47: FAZ. SAYONARA - PROJETO 23 | F47: 5C | G47: RB93-7570 | H47: 08/07/2025 | I47: 1.27 | J47: 1.27 | K47: 55 | L47: 0 | M47: MOAGEM | N47: 0
A48: 2026/2027 | B48: ACIONISTA | C48: 01-PROXIMO | D48: 213 | E48: FAZ. SAYONARA - PROJETO 23 | F48: 5C | G48: RB01-1443 | H48: 08/07/2025 | I48: 8.34 | J48: 8.34 | K48: 55 | L48: 0 | M48: MOAGEM | N48: 0
A49: 2026/2027 | B49: ACIONISTA | C49: 01-PROXIMO | D49: 221 | E49: FAZ. SAYONARA - PROJETO 24 | F49: 4C | G49: RB98-8082 | H49: 05/08/2025 | I49: 73.49 | J49: 73.49 | K49: 60 | L49: 0 | M49: MOAGEM | N49: 0
A50: 2026/2027 | B50: ACIONISTA | C50: 01-PROXIMO | D50: 221 | E50: FAZ. SAYONARA - PROJETO 24 | F50: 5C | G50: VIVEIRO | H50: 05/08/2025 | I50: 4.36 | J50: 4.36 | K50: 55 | L50: 0 | M50: MOAGEM | N50: 0
A51: 2026/2027 | B51: ACIONISTA | C51: 01-PROXIMO | D51: 221 | E51: FAZ. SAYONARA - PROJETO 24 | F51: 4C | G51: VIVEIRO | H51: 05/08/2025 | I51: 3.15 | J51: 3.15 | K51: 60 | L51: 0 | M51: MOAGEM | N51: 0
A52: 2026/2027 | B52: ACIONISTA | C52: 01-PROXIMO | D52: 230 | E52: FAZ. SAYONARA - PROJETO 25 | F52: 8C | G52: RB92-5345 | H52: 23/04/2025 | I52: 38.75 | J52: 38.75 | K52: 50 | L52: 110.62 | M52: MOAGEM | N52: 4286.63 | O52: Conceição da Barra
A53: 2026/2027 | B53: ACIONISTA | C53: 01-PROXIMO | D53: 248 | E53: FAZ. SAYONARA - PROJETO 27 | F53: 5C | G53: RB93-7570 | H53: 12/02/2026 | I53: 27.04 | J53: 27.04 | K53: 80 | L53: 88.94 | M53: MOAGEM | N53: 2405.07 | O53: Braço do Rio
A54: 2026/2027 | B54: ACIONISTA | C54: 01-PROXIMO | D54: 248 | E54: FAZ. SAYONARA - PROJETO 27 | F54: 5C | G54: RB92-5345 | H54: 12/02/2026 | I54: 7.85 | J54: 7.85 | K54: 80 | L54: 88.94 | M54: MOAGEM | N54: 698.21 | O54: Pedro Canario
A55: 2026/2027 | B55: ACIONISTA | C55: 01-PROXIMO | D55: 248 | E55: FAZ. SAYONARA - PROJETO 27 | F55: 5C | G55: RB97-5952 | H55: 02/02/2026 | I55: 2.14 | J55: 2.14 | K55: 80 | L55: 88.94 | M55: MOAGEM | N55: 190.34 | O55: Nanuque
A56: 2026/2027 | B56: ACIONISTA | C56: 01-PROXIMO | D56: 256 | E56: FAZ. SAYONARA - PROJETO 28 | F56: 7C | G56: RB86-7515 | H56: 03/02/2026 | I56: 33.6 | J56: 33.6 | K56: 50 | L56: 0 | M56: MOAGEM | N56: 0 | O56: São Mateus
A57: 2026/2027 | B57: ACIONISTA | C57: 01-PROXIMO | D57: 256 | E57: FAZ. SAYONARA - PROJETO 28 | F57: 8C | G57: RB86-7515 | H57: 03/02/2026 | I57: 13.83 | J57: 13.83 | K57: 50 | L57: 0 | M57: MOAGEM | N57: 0 | O57: Pinheiros
A58: 2026/2027 | B58: ACIONISTA | C58: 01-PROXIMO | D58: 256 | E58: FAZ. SAYONARA - PROJETO 28 | F58: 10C | G58: RB86-7515 | H58: 15/12/2025 | I58: 0.43 | J58: 0.43 | K58: 50 | L58: 0 | M58: MOAGEM | N58: 0 | O58: Boa Esperaça
A59: 2026/2027 | B59: ACIONISTA | C59: 01-PROXIMO | D59: 256 | E59: FAZ. SAYONARA - PROJETO 28 | F59: 9C | G59: RB86-7515 | H59: 03/02/2026 | I59: 34.79 | J59: 34.79 | K59: 50 | L59: 0 | M59: MOAGEM | N59: 0 | O59: Mucuri
A60: 2026/2027 | B60: ACIONISTA | C60: 01-PROXIMO | D60: 264 | E60: FAZ. SAYONARA - PROJETO 30 | F60: 1C 12M | G60: RB00-6995 | H60: 27/08/2025 | I60: 5.6 | J60: 5.6 | K60: 90 | L60: 119.34 | M60: MOAGEM | N60: 668.29 | O60: Motanha
A61: 2026/2027 | B61: ACIONISTA | C61: 01-PROXIMO | D61: 264 | E61: FAZ. SAYONARA - PROJETO 30 | F61: 1C 18M | G61: RB00-6995 | H61: 29/12/2024 | I61: 49.96 | J61: 49.96 | K61: 105 | L61: 139.23 | M61: MOAGEM | N61: 6955.82
A62: 2026/2027 | B62: ACIONISTA | C62: 01-PROXIMO | D62: 272 | E62: FAZ. SAYONARA - PROJETO 31 | F62: 4C | G62: RB96-6928 | H62: 15/01/2026 | I62: 17.83 | J62: 13.97 | K62: 60 | L62: 0 | M62: MOAGEM | N62: 0
A63: 2026/2027 | B63: ACIONISTA | C63: 01-PROXIMO | D63: 272 | E63: FAZ. SAYONARA - PROJETO 31 | F63: 4C | G63: CTC 04 | H63: 15/01/2026 | I63: 12.7 | J63: 12.7 | K63: 60 | L63: 0 | M63: MOAGEM | N63: 0
A64: 2026/2027 | B64: ACIONISTA | C64: 01-PROXIMO | D64: 272 | E64: FAZ. SAYONARA - PROJETO 31 | F64: 4C | G64: RB98-5476 | H64: 15/01/2026 | I64: 5.37 | J64: 3.86 | K64: 60 | L64: 0 | M64: MOAGEM | N64: 0
A65: 2026/2027 | B65: ACIONISTA | C65: 01-PROXIMO | D65: 272 | E65: FAZ. SAYONARA - PROJETO 31 | F65: 5C | G65: CTC 04 | H65: 15/01/2026 | I65: 7.73 | J65: 7.73 | K65: 55 | L65: 0 | M65: MOAGEM | N65: 0
A66: 2026/2027 | B66: ACIONISTA | C66: 01-PROXIMO | D66: 281 | E66: FAZ. SAYONARA - PROJETO 32 | F66: 5C | G66: RB86-7515 | H66: 10/11/2025 | I66: 19.57 | J66: 19.57 | K66: 55 | L66: 0 | M66: MOAGEM | N66: 0
A67: 2026/2027 | B67: ACIONISTA | C67: 01-PROXIMO | D67: 281 | E67: FAZ. SAYONARA - PROJETO 32 | F67: 4C | G67: RB86-7515 | H67: 06/11/2025 | I67: 12.8 | J67: 12.8 | K67: 60 | L67: 0 | M67: MOAGEM | N67: 0
A68: 2026/2027 | B68: ACIONISTA | C68: 01-PROXIMO | D68: 281 | E68: FAZ. SAYONARA - PROJETO 32 | F68: 4C | G68: RB97-5242 | H68: 06/11/2025 | I68: 9.81 | J68: 9.81 | K68: 60 | L68: 0 | M68: MOAGEM | N68: 0
A69: 2026/2027 | B69: ACIONISTA | C69: 01-PROXIMO | D69: 281 | E69: FAZ. SAYONARA - PROJETO 32 | F69: 4C | G69: CTC 1007 | H69: 06/11/2025 | I69: 7.08 | J69: 7.08 | K69: 60 | L69: 0 | M69: MOAGEM | N69: 0
A70: 2026/2027 | B70: ACIONISTA | C70: 02-MACUCO | D70: 299 | E70: FAZ. SAYONARA - PROJETO 36 | F70: 7C | G70: RB86-7515 | H70: 29/06/2025 | I70: 85.19 | J70: 85.19 | K70: 50 | L70: 0 | M70: MOAGEM | N70: 0
A71: 2026/2027 | B71: ACIONISTA | C71: 02-MACUCO | D71: 299 | E71: FAZ. SAYONARA - PROJETO 36 | F71: 7C | G71: RB98-8082 | H71: 29/06/2025 | I71: 59.24 | J71: 59.24 | K71: 50 | L71: 0 | M71: MOAGEM | N71: 0
A72: 2026/2027 | B72: ACIONISTA | C72: 02-MACUCO | D72: 302 | E72: FAZ. SAYONARA - PROJETO 37 | F72: 2C | G72: RB86-7515 | H72: 05/11/2025 | I72: 1.87 | J72: 1.87 | K72: 80 | L72: 0 | M72: MOAGEM | N72: 0
... A133: 2026/2027 | B133: ACIONISTA | C133: 04-DELTA | D133: 655 | E133: FAZ. DELTA | F133: 3C | G133: IAC95-5094 | H133: 26/04/2024 | I133: 2.76 | J133: 2.76 | K133: 100 | L133: 0 | M133: MOAGEM | N133: 0
A134: 2026/2027 | B134: ACIONISTA | C134: 04-DELTA | D134: 655 | E134: FAZ. DELTA | F134: 2C | G134: RB00-6995 | I134: 35.74 | J134: 35.74 | K134: 120 | L134: 0 | M134: MOAGEM | N134: 0
A135: 2026/2027 | B135: ACIONISTA | C135: 04-DELTA | D135: 655 | E135: FAZ. DELTA | F135: 2C | G135: RB97-5375 | H135: 31/12/2024 | I135: 98.55 | J135: 98.55 | K135: 120 | L135: 0 | M135: MOAGEM | N135: 0
A136: 2026/2027 | B136: ACIONISTA | C136: 41-SAO GERALDO | D136: 710 | E136: FAZ. SAO DOMINGOS VII | F136: 2C | G136: RB03-6066 | H136: 21/05/2025 | I136: 84.6 | J136: 84.6 | K136: 80 | L136: 77.31 | M136: MOAGEM | N136: 6540.28
A137: 2026/2027 | B137: ACIONISTA | C137: 07-UNIVERSO | D137: 736 | E137: FAZ. RIO PRETO_Universo I | F137: 4C | G137: RB86-7515 | H137: 09/10/2024 | I137: 24.79 | J137: 24.79 | K137: 85 | L137: 26.89 | M137: MOAGEM | N137: 666.5
A138: 2026/2027 | B138: ACIONISTA | C138: 07-UNIVERSO | D138: 736 | E138: FAZ. RIO PRETO_Universo I | F138: 5C | G138: RB01-1549 | H138: 06/01/2025 | I138: 4.57 | J138: 4.57 | K138: 80 | L138: 25.3 | M138: MOAGEM | N138: 115.64
A139: 2026/2027 | B139: ACIONISTA | C139: 07-UNIVERSO | D139: 736 | E139: FAZ. RIO PRETO_Universo I | F139: 5C | G139: RB12-8536 | H139: 06/01/2025 | I139: 5.99 | J139: 5.99 | K139: 80 | L139: 25.31 | M139: MOAGEM | N139: 151.63
A140: 2026/2027 | B140: ACIONISTA | C140: 07-UNIVERSO | D140: 736 | E140: FAZ. RIO PRETO_Universo I | F140: 6C | G140: RB86-7515 | H140: 06/01/2025 | I140: 27.62 | J140: 27.62 | K140: 70 | L140: 22.14 | M140: MOAGEM | N140: 611.55
A141: 2026/2027 | B141: ACIONISTA | C141: 07-UNIVERSO | D141: 736 | E141: FAZ. RIO PRETO_Universo I | F141: 5C | G141: RB86-7515 | H141: 06/01/2025 | I141: 217.26 | J141: 217.26 | K141: 80 | L141: 25.31 | M141: MOAGEM | N141: 5497.8
A142: 2026/2027 | B142: ACIONISTA | C142: 07-UNIVERSO | D142: 736 | E142: FAZ. RIO PRETO_Universo I | F142: 5C | G142: RB93-7570 | H142: 06/01/2025 | I142: 93.15 | J142: 93.15 | K142: 80 | L142: 25.31 | M142: MOAGEM | N142: 2357.2
A143: 2026/2027 | B143: ACIONISTA | C143: 07-UNIVERSO | D143: 736 | E143: FAZ. RIO PRETO_Universo I | F143: 5C | G143: RB96-6928 | H143: 06/01/2025 | I143: 15.29 | J143: 15.29 | K143: 80 | L143: 25.3 | M143: MOAGEM | N143: 386.91
A144: 2026/2027 | B144: ACIONISTA | C144: 07-UNIVERSO | D144: 736 | E144: FAZ. RIO PRETO_Universo I | F144: 6C | G144: RB93-7570 | H144: 06/01/2025 | I144: 48.02 | J144: 48.02 | K144: 70 | L144: 22.14 | M144: MOAGEM | N144: 1063.2
A145: 2026/2027 | B145: ACIONISTA | C145: 06-HORIZONTE | D145: 752 | E145: FAZ. HORIZONTE I | F145: 3C | G145: RB93-7570 | H145: 14/07/2025 | I145: 103.13 | J145: 103.13 | K145: 70 | L145: 0 | M145: MOAGEM | N145: 0
A146: 2026/2027 | B146: ACIONISTA | C146: 01-PROXIMO | D146: 761 | E146: FAZ. SAYONARA - PROJETO 41 | F146: 3C | G146: RB86-7515 | H146: 12/11/2025 | I146: 26.69 | J146: 22.42 | K146: 70 | L146: 0 | M146: MOAGEM | N146: 0
... A192: 2026/2027 | B192: ACIONISTA | C192: 06-HORIZONTE | D192: 1660 | E192: FAZ. HORIZONTE II | F192: 5C | G192: RB01-1443 | H192: 28/07/2025 | I192: 13.62 | J192: 13.62 | K192: 55 | L192: 0 | M192: MOAGEM | N192: 0
A193: 2026/2027 | B193: ACIONISTA | C193: 06-HORIZONTE | D193: 1660 | E193: FAZ. HORIZONTE II | F193: 4C | G193: RB03-6066 | I193: 0.73 | J193: 0.73 | K193: 60 | L193: 0 | M193: MOAGEM | N193: 0
A194: 2026/2027 | B194: FORNECEDOR | C194: 18-EDGAR | D194: 1686 | E194: FAZ. GUADALAJARA I_ Kleison | F194: 1C 18M | G194: RB86-7515 | H194: 23/05/2024 | I194: 44.75 | J194: 44.75 | K194: 105 | L194: 123.88 | M194: MOAGEM | N194: 5543.51
A195: 2026/2027 | B195: FORNECEDOR | C195: 18-EDGAR | D195: 1686 | E195: FAZ. GUADALAJARA I_ Kleison | F195: 4C | G195: RB86-7515 | H195: 05/12/2024 | I195: 14.6 | J195: 14.6 | K195: 60 | L195: 70.79 | M195: MOAGEM | N195: 1033.5
A196: 2026/2027 | B196: FORNECEDOR | C196: 18-EDGAR | D196: 1686 | E196: FAZ. GUADALAJARA I_ Kleison | F196: 6C | G196: RB95-5977 | H196: 05/12/2024 | I196: 25.54 | J196: 25.54 | K196: 50 | L196: 58.99 | M196: MOAGEM | N196: 1506.57
A197: 2026/2027 | B197: ACIONISTA | C197: 04-DELTA | D197: 1708 | E197: FAZ. DELTA II | F197: 1C 18M | G197: RB86-7515 | H197: 25/07/2024 | I197: 19.04 | J197: 19.04 | K197: 105 | L197: 132.34 | M197: MOAGEM | N197: 2519.73
A198: 2026/2027 | B198: ACIONISTA | C198: 04-DELTA | D198: 1708 | E198: FAZ. DELTA II | F198: 2C | G198: RB86-7515 | H198: 11/02/2026 | I198: 11.39 | J198: 11.39 | K198: 80 | L198: 100.83 | M198: MOAGEM | N198: 1148.44
A199: 2026/2027 | B199: ACIONISTA | C199: 10-SAO DOMINGOS | D199: 1716 | E199: FAZ. CIGANO | F199: 5C | G199: RB86-7515 | H199: 22/11/2025 | I199: 27.86 | J199: 27.86 | K199: 55 | L199: 0 | M199: MOAGEM | N199: 0
A200: 2026/2027 | B200: FORNECEDOR | C200: 01-PROXIMO | D200: 1724 | E200: FAZ. NOSSA SENHORA APARECIDA_ Zubinha | F200: 2C | G200: RB86-7515 | H200: 15/08/2025 | I200: 4.72 | J200: 4.72 | K200: 80 | L200: 0 | M200: MOAGEM | N200: 0
A201: 2026/2027 | B201: ACIONISTA | C201: 13-PROGRESSO | D201: 1741 | E201: FAZ. CORREGO SANTO ANTONIO_ Progresso | F201: 2C | G201: RB86-7515 | H201: 27/12/2024 | I201: 11.15 | J201: 11.15 | K201: 80 | L201: 111.32 | M201: MOAGEM | N201: 1241.23
A202: 2026/2027 | B202: ACIONISTA | C202: 13-PROGRESSO | D202: 1741 | E202: FAZ. CORREGO SANTO ANTONIO_ Progresso | F202: 1C 12M | G202: RB86-7515 | H202: 15/08/2024 | I202: 62.38 | J202: 62.38 | K202: 81.14 | L202: 105.02 | M202: MOAGEM | N202: 6550.98
A203: 2026/2027 | B203: ACIONISTA | C203: 13-PROGRESSO | D203: 1741 | E203: FAZ. CORREGO SANTO ANTONIO_ Progresso | F203: 3C | G203: RB12-7825 | H203: 08/09/2025 | I203: 14.45 | J203: 12 | K203: 70 | L203: 97.41 | M203: MOAGEM | N203: 1407.54
A204: 2026/2027 | B204: ACIONISTA | C204: 13-PROGRESSO | D204: 1741 | E204: FAZ. CORREGO SANTO ANTONIO_ Progresso | F204: 3C | G204: RB86-7515 | H204: 12/02/2026 | I204: 19.89 | J204: 7.89 | K204: 70 | L204: 97.41 | M204: MOAGEM | N204: 1937.43
A205: 2026/2027 | B205: ACIONISTA | C205: 13-PROGRESSO | D205: 1741 | E205: FAZ. CORREGO SANTO ANTONIO_ Progresso | F205: 2C | G205: RB12-7825 | H205: 08/09/2025 | I205: 31.6 | J205: 31.6 | K205: 80 | L205: 111.32 | M205: MOAGEM | N205: 3517.81
... A363: 2026/2027 | B363: ACIONISTA | C363: 11-ESPLANADA | D363: 5274 | E363: FAZ. DA PEDRA | F363: 5C | G363: RB97-5952 | H363: 02/08/2025 | I363: 24.29 | J363: 24.29 | K363: 100 | L363: 0 | M363: MOAGEM | N363: 0
A364: 2026/2027 | B364: ACIONISTA | C364: 11-ESPLANADA | D364: 5274 | E364: FAZ. DA PEDRA | F364: 2C | G364: RB12-7825 | I364: 3 | J364: 2.2 | K364: 100 | L364: 0 | M364: MOAGEM | N364: 0
A365: 2026/2027 | B365: ACIONISTA | C365: 02-MACUCO | D365: 5363 | E365: FAZ. CORREGO DO MACUCO_ Popo | F365: 3C | G365: RB97-5375 | H365: 19/08/2025 | I365: 11.58 | J365: 5.79 | K365: 70 | L365: 0 | M365: MOAGEM | N365: 0
A366: 2026/2027 | B366: ACIONISTA | C366: 02-MACUCO | D366: 5363 | E366: FAZ. CORREGO DO MACUCO_ Popo | F366: 3C | G366: RB12-8536 | H366: 19/08/2025 | I366: 61.63 | J366: 55.84 | K366: 70 | L366: 0 | M366: MOAGEM | N366: 0
A367: 2026/2027 | B367: FORNECEDOR | C367: 19-ZE MASSUR | D367: 5398 | E367: FAZ. BOA LEMBRANÇA_Vilson de Souza | F367: 7C | G367: RB95-5977 | H367: 02/12/2025 | I367: 68.13 | J367: 68.13 | K367: 50 | L367: 0 | M367: MOAGEM | N367: 0
A368: 2026/2027 | B368: FORNECEDOR | C368: 19-ZE MASSUR | D368: 5398 | E368: FAZ. BOA LEMBRANÇA_Vilson de Souza | F368: 7C | G368: RB92-579 | H368: 02/12/2025 | I368: 7.87 | J368: 7.87 | K368: 50 | L368: 0 | M368: MOAGEM | N368: 0
A369: 2026/2027 | B369: FORNECEDOR | C369: 21-CRISTAL | D369: 5436 | E369: FAZ. DIVISOR_ Oribes Storch | F369: 6C | G369: RB86-7515 | H369: 21/11/2024 | I369: 5.6 | J369: 5.6 | K369: 50 | L369: 0 | M369: MOAGEM | N369: 0
A370: 2026/2027 | B370: FORNECEDOR | C370: 21-CRISTAL | D370: 5436 | E370: FAZ. DIVISOR_ Oribes Storch | F370: 3C | G370: RB86-7515 | H370: 21/11/2024 | I370: 12.12 | J370: 12.12 | K370: 70 | L370: 0 | M370: MOAGEM | N370: 0
A371: 2026/2027 | B371: FORNECEDOR | C371: 21-CRISTAL | D371: 5440 | E371: FAZ. DIVISOR_ Eloi Catani | F371: 1C 18M | G371: RB86-7515 | H371: 20/05/2024 | I371: 34.18 | J371: 34.18 | K371: 105 | L371: 129.31 | M371: MOAGEM | N371: 4419.67
A372: 2026/2027 | B372: FORNECEDOR | C372: 21-CRISTAL | D372: 5461 | E372: FAZ. CACHOEIRA_ Gilcimar Alves | F372: 5C | G372: RB92-579 | H372: 11/01/2026 | I372: 6.83 | J372: 6.83 | K372: 55 | L372: 0 | M372: MOAGEM | N372: 0
...

Sheet PROD.
A1: Unidade Produtora | B1: SETOR | C1: FAZENDA | D1: GLEBA | E1: Código TALHAO | F1: TALHAO | G1: Área Líquida (ha) | H1: Ativo Talhão | I1: Propriedade Rural | J1: Proprietário da Terra | K1: Proprietário da Cultura | L1: Tipo | M1: Status | N1: Ativo Cultura | O1: Moagem (ha) | P1: Frente de Colheita | Q1: Estágio da Cultura | R1: Variedade | S1: Época | T1: Data Início do Plantio | U1: Data da Última Colheita | V1: Meses | W1: Dias | X1: Ambiente de Custos | Y1: Cultura Padrão | Z1: Solo Pred. | AA1: Espaçamento (ha) | AB1: Dist. Ida (M) | AC1: Dist. Volta (M) | AD1: Média (Km) | AE1: C&#243;digo do vendedor | AF1: Vendedor | AG1: MES PREVISTO | AH1: TERRAPLAGEM | AI1: RENOVABIO | AJ1: CANA BISADA | AK1: APLIC. CORRET. CALC + GESSO | AL1: APLIC. DE HERBICIDA | AM1: PREPARO DE SOLO | AN1: APLIC. CORRET. FOSFATO | AO1: CULTIVO MANUAL | AP1: SERVIÇO DA ALCON | AQ1: QUEBRA LOMBO | AR1: CAR FEDERAL | AS1: DISTRIBUIÇÃO DE COMPOSTO | AT1: COLHEITA MECANIZADA | AU1: PLANTIO | AV1: COLHEITA GERAL | AW1: REFORMA PÓS COLHEITA | AX1: CULTIVO MECANIZADO | AY1: FRENTE CORTE | AZ1: AREA FERTIRRIGADA | BA1: APLIC. HERBICIDA MECANIZADO | BB1: QUADRANTE | BC1: VINHAÇA LOCALIZADA | BD1: APLICAÇÃO DE MATURADOR | BE1: TIPO FORNECEDOR | BF1: COLHEITA MANUAL | BG1: TRATOS PLANTIO | BH1: APLICAÇÃO DE CORRETIVOS | BI1: APLIC. HERBICIDA MANUAL | BJ1: SEQUENCIA COLHEITA | BK1: APLICAÇÃO DE DEFENSIVOS | BL1: Produção (TON) | BM1: TON/ha | BN1: Produção Real (TON) | BO1: Área Colhida (ha) | BP1: Produtividade (TON/ha) | BQ1: cidade
A2: NDB HOLDING AGRICOLA LTDA | B2: ACIONISTA | C2: FAZ. SAYONARA - PROJETO 10 | D2: 01-PROXIMO | E2: 108001 | F2: 001 | G2: 6.42 | H2: Sim | I2: 108 - FAZ. SAYONARA - PROJETO 10 | J2: 4513 - NDB HOLDING AGRICOLA LTDA - FAZ. SAYONARA | K2: 4513 - NDB HOLDING AGRICOLA LTDA - FAZ. SAYONARA | L2: ACIONISTA | M2: 4 | N2: Sim | P2: 0 | Q2: 10C | R2: RB95-5977 | S2: 2026/2027 | T2: 2017-01-15T00:00:00 | U2: 2026-01-01T09:43:00 | V2: 5 | W2: 170 | Y2: CANA-DE-ACUCAR | Z2: A Definir | AA2: 1.5 | AB2: 2 | AC2: 2 | AD2: 2 | AI2: RENOVABIO | AL2: APLIC HERBICIDA PRE | AT2: MECANIZADA | AW2: REFORMA PÓS COLHEITA | AZ2: AREA FERTIRRIGADA | BE2: ACIONISTA | BL2: 321 | BM2: 50 | BQ2: Conceição da Barra
A3: NDB HOLDING AGRICOLA LTDA | B3: ACIONISTA | C3: FAZ. SAYONARA - PROJETO 10 | D3: 01-PROXIMO | E3: 108002 | F3: 002 | G3: 7.75 | H3: Sim | I3: 108 - FAZ. SAYONARA - PROJETO 10 | J3: 4513 - NDB HOLDING AGRICOLA LTDA - FAZ. SAYONARA | K3: 4513 - NDB HOLDING AGRICOLA LTDA - FAZ. SAYONARA | L3: ACIONISTA | M3: 4 | N3: Sim | P3: 0 | Q3: 9C | R3: RB95-5977 | S3: 2026/2027 | T3: 2017-01-15T00:00:00 | U3: 2026-01-01T09:43:00 | V3: 5 | W3: 170 | Y3: CANA-DE-ACUCAR | Z3: A Definir | AA3: 1.5 | AB3: 2 | AC3: 2 | AD3: 2 | AI3: RENOVABIO | AL3: APLIC HERBICIDA PRE | AT3: MECANIZADA | AW3: REFORMA PÓS COLHEITA | AZ3: AREA FERTIRRIGADA | BE3: ACIONISTA | BL3: 387.5 | BM3: 50 | BQ3: Braço do Rio
A4: NDB HOLDING AGRICOLA LTDA | B4: ACIONISTA | C4: FAZ. SAYONARA - PROJETO 10 | D4: 01-PROXIMO | E4: 108003 | F4: 003 | G4: 6.88 | H4: Sim | I4: 108 - FAZ. SAYONARA - PROJETO 10 | J4: 4513 - NDB HOLDING AGRICOLA LTDA - FAZ. SAYONARA | K4: 4513 - NDB HOLDING AGRICOLA LTDA - FAZ. SAYONARA | L4: ACIONISTA | M4: 4 | N4: Sim | P4: 0 | Q4: 9C | R4: RB95-5977 | S4: 2026/2027 | T4: 2017-01-15T00:00:00 | U4: 2026-01-01T09:43:00 | V4: 5 | W4: 170 | Y4: CANA-DE-ACUCAR | Z4: A Definir | AA4: 1.5 | AB4: 2 | AC4: 2 | AD4: 2 | AI4: RENOVABIO | AL4: APLIC HERBICIDA PRE | AT4: MECANIZADA | AW4: REFORMA PÓS COLHEITA | AZ4: AREA FERTIRRIGADA | BE4: ACIONISTA | BL4: 344 | BM4: 50 | BQ4: Pedro Canario
A5: NDB HOLDING AGRICOLA LTDA | B5: ACIONISTA | C5: FAZ. SAYONARA - PROJETO 10 | D5: 01-PROXIMO | E5: 108004 | F5: 004 | G5: 11.82 | H5: Sim | I5: 108 - FAZ. SAYONARA - PROJETO 10 | J5: 4513 - NDB HOLDING AGRICOLA LTDA - FAZ. SAYONARA | K5: 4513 - NDB HOLDING AGRICOLA LTDA - FAZ. SAYONARA | L5: ACIONISTA | M5: 4 | N5: Sim | P5: 0 | Q5: 9C | R5: RB95-5977 | S5: 2026/2027 | T5: 2017-01-15T00:00:00 | U5: 2026-01-01T09:43:00 | V5: 5 | W5: 170 | Y5: CANA-DE-ACUCAR | Z5: A Definir | AA5: 1.5 | AB5: 2 | AC5: 2 | AD5: 2 | AI5: RENOVABIO | AL5: APLIC HERBICIDA PRE | AT5: MECANIZADA | AW5: REFORMA PÓS COLHEITA | AZ5: AREA FERTIRRIGADA | BE5: ACIONISTA | BL5: 591 | BM5: 50 | BQ5: Nanuque
A6: NDB HOLDING AGRICOLA LTDA | B6: ACIONISTA | C6: FAZ. SAYONARA - PROJETO 10 | D6: 01-PROXIMO | E6: 108005 | F6: 005 | G6: 0.47 | H6: Sim | I6: 108 - FAZ. SAYONARA - PROJETO 10 | J6: 4513 - NDB HOLDING AGRICOLA LTDA - FAZ. SAYONARA | K6: 4513 - NDB HOLDING AGRICOLA LTDA - FAZ. SAYONARA | L6: ACIONISTA | M6: 4 | N6: Sim | P6: 0 | Q6: 9C | R6: RB95-5977 | S6: 2026/2027 | T6: 2017-01-15T00:00:00 | U6: 2026-01-01T09:43:00 | V6: 5 | W6: 170 | Y6: CANA-DE-ACUCAR | Z6: A Definir | AA6: 1.5 | AB6: 2 | AC6: 2 | AD6: 2 | AI6: RENOVABIO | AL6: APLIC HERBICIDA PRE | AT6: MECANIZADA | AW6: REFORMA PÓS COLHEITA | AZ6: AREA FERTIRRIGADA | BE6: ACIONISTA | BL6: 23.5 | BM6: 50 | BQ6: São Mateus
A7: NDB HOLDING AGRICOLA LTDA | B7: ACIONISTA | C7: FAZ. SAYONARA - PROJETO 10 | D7: 01-PROXIMO | E7: 108006 | F7: 006 | G7: 8.75 | H7: Sim | I7: 108 - FAZ. SAYONARA - PROJETO 10 | J7: 4513 - NDB HOLDING AGRICOLA LTDA - FAZ. SAYONARA | K7: 4513 - NDB HOLDING AGRICOLA LTDA - FAZ. SAYONARA | L7: ACIONISTA | M7: 4 | N7: Sim | P7: 0 | Q7: 9C | R7: RB95-5977 | S7: 2026/2027 | T7: 2017-01-15T00:00:00 | U7: 2026-01-01T09:43:00 | V7: 5 | W7: 170 | Y7: CANA-DE-ACUCAR | Z7: A Definir | AA7: 1.5 | AB7: 2 | AC7: 2 | AD7: 2 | AI7: RENOVABIO | AL7: APLIC HERBICIDA PRE | AT7: MECANIZADA | AW7: REFORMA PÓS COLHEITA | AZ7: AREA FERTIRRIGADA | BE7: ACIONISTA | BL7: 437.5 | BM7: 50 | BQ7: Pinheiros
A8: NDB HOLDING AGRICOLA LTDA | B8: ACIONISTA | C8: FAZ. SAYONARA - PROJETO 10 | D8: 01-PROXIMO | E8: 108007 | F8: 007 | G8: 6.98 | H8: Sim | I8: 108 - FAZ. SAYONARA - PROJETO 10 | J8: 4513 - NDB HOLDING AGRICOLA LTDA - FAZ. SAYONARA | K8: 4513 - NDB HOLDING AGRICOLA LTDA - FAZ. SAYONARA | L8: ACIONISTA | M8: 4 | N8: Sim | P8: 0 | Q8: 9C | R8: RB95-5977 | S8: 2026/2027 | T8: 2017-01-15T00:00:00 | U8: 2026-01-01T09:43:00 | V8: 5 | W8: 170 | Y8: CANA-DE-ACUCAR | Z8: A Definir | AA8: 1.5 | AB8: 2 | AC8: 2 | AD8: 2 | AI8: RENOVABIO | AL8: APLIC HERBICIDA PRE | AT8: MECANIZADA | AW8: REFORMA PÓS COLHEITA | AZ8: AREA FERTIRRIGADA | BE8: ACIONISTA | BL8: 349 | BM8: 50 | BQ8: Boa Esperaça
A9: NDB HOLDING AGRICOLA LTDA | B9: ACIONISTA | C9: FAZ. SAYONARA - PROJETO 10 | D9: 01-PROXIMO | E9: 108008 | F9: 008 | G9: 6.95 | H9: Sim | I9: 108 - FAZ. SAYONARA - PROJETO 10 | J9: 4513 - NDB HOLDING AGRICOLA LTDA - FAZ. SAYONARA | K9: 4513 - NDB HOLDING AGRICOLA LTDA - FAZ. SAYONARA | L9: ACIONISTA | M9: 4 | N9: Sim | P9: 0 | Q9: 9C | R9: RB95-5977 | S9: 2026/2027 | T9: 2017-01-15T00:00:00 | U9: 2026-01-01T09:43:00 | V9: 5 | W9: 170 | Y9: CANA-DE-ACUCAR | Z9: A Definir | AA9: 1.5 | AB9: 2 | AC9: 2 | AD9: 2 | AI9: RENOVABIO | AL9: APLIC HERBICIDA PRE | AT9: MECANIZADA | AW9: REFORMA PÓS COLHEITA | AZ9: AREA FERTIRRIGADA | BE9: ACIONISTA | BL9: 347.5 | BM9: 50 | BQ9: Mucuri
A10: NDB HOLDING AGRICOLA LTDA | B10: ACIONISTA | C10: FAZ. SAYONARA - PROJETO 10 | D10: 01-PROXIMO | E10: 108009 | F10: 009 | G10: 1.23 | H10: Sim | I10: 108 - FAZ. SAYONARA - PROJETO 10 | J10: 4513 - NDB HOLDING AGRICOLA LTDA - FAZ. SAYONARA | K10: 4513 - NDB HOLDING AGRICOLA LTDA - FAZ. SAYONARA | L10: ACIONISTA | M10: 4 | N10: Sim | P10: 0 | Q10: 9C | R10: RB95-5977 | S10: 2026/2027 | T10: 2017-01-15T00:00:00 | U10: 2026-01-01T09:43:00 | V10: 5 | W10: 170 | Y10: CANA-DE-ACUCAR | Z10: A Definir | AA10: 1.5 | AB10: 2 | AC10: 2 | AD10: 2 | AI10: RENOVABIO | AL10: APLIC HERBICIDA PRE | AT10: MECANIZADA | AW10: REFORMA PÓS COLHEITA | AZ10: AREA FERTIRRIGADA | BE10: ACIONISTA | BL10: 61.5 | BM10: 50 | BQ10: Motanha
A11: NDB HOLDING AGRICOLA LTDA | B11: ACIONISTA | C11: FAZ. SAYONARA - PROJETO 10 | D11: 01-PROXIMO | E11: 108010 | F11: 010 | G11: 8.55 | H11: Sim | I11: 108 - FAZ. SAYONARA - PROJETO 10 | J11: 4513 - NDB HOLDING AGRICOLA LTDA - FAZ. SAYONARA | K11: 4513 - NDB HOLDING AGRICOLA LTDA - FAZ. SAYONARA | L11: ACIONISTA | M11: 4 | N11: Sim | P11: 0 | Q11: 9C | R11: RB95-5977 | S11: 2026/2027 | T11: 2017-01-15T00:00:00 | U11: 2026-01-01T09:43:00 | V11: 5 | W11: 170 | Y11: CANA-DE-ACUCAR | Z11: A Definir | AA11: 1.5 | AB11: 2 | AC11: 2 | AD11: 2 | AI11: RENOVABIO | AL11: APLIC HERBICIDA PRE | AT11: MECANIZADA | AW11: REFORMA PÓS COLHEITA | AZ11: AREA FERTIRRIGADA | BE11: ACIONISTA | BL11: 427.5 | BM11: 50
A12: NDB HOLDING AGRICOLA LTDA | B12: ACIONISTA | C12: FAZ. SAYONARA - PROJETO 10 | D12: 01-PROXIMO | E12: 108011 | F12: 011 | G12: 0.52 | H12: Sim | I12: 108 - FAZ. SAYONARA - PROJETO 10 | J12: 4513 - NDB HOLDING AGRICOLA LTDA - FAZ. SAYONARA | K12: 4513 - NDB HOLDING AGRICOLA LTDA - FAZ. SAYONARA | L12: ACIONISTA | M12: 4 | N12: Sim | P12: 0 | Q12: 9C | R12: RB95-5977 | S12: 2026/2027 | T12: 2017-01-15T00:00:00 | U12: 2026-01-01T09:43:00 | V12: 5 | W12: 170 | Y12: CANA-DE-ACUCAR | Z12: A Definir | AA12: 1.5 | AB12: 2 | AC12: 2 | AD12: 2 | AI12: RENOVABIO | AL12: APLIC HERBICIDA PRE | AT12: MECANIZADA | AW12: REFORMA PÓS COLHEITA | AZ12: AREA FERTIRRIGADA | BE12: ACIONISTA | BL12: 26 | BM12: 50
A13: NDB HOLDING AGRICOLA LTDA | B13: ACIONISTA | C13: FAZ. SAYONARA - PROJETO 10 | D13: 01-PROXIMO | E13: 108012 | F13: 012 | G13: 5.44 | H13: Sim | I13: 108 - FAZ. SAYONARA - PROJETO 10 | J13: 4513 - NDB HOLDING AGRICOLA LTDA - FAZ. SAYONARA | K13: 4513 - NDB HOLDING AGRICOLA LTDA - FAZ. SAYONARA | L13: ACIONISTA | M13: 4 | N13: Sim | P13: 0 | Q13: 9C | R13: RB95-5977 | S13: 2026/2027 | T13: 2017-01-15T00:00:00 | U13: 2026-01-01T09:43:00 | V13: 5 | W13: 170 | Y13: CANA-DE-ACUCAR | Z13: A Definir | AA13: 1.5 | AB13: 2 | AC13: 2 | AD13: 2 | AI13: RENOVABIO | AL13: APLIC HERBICIDA PRE | AT13: MECANIZADA | AW13: REFORMA PÓS COLHEITA | AZ13: AREA FERTIRRIGADA | BE13: ACIONISTA | BL13: 272 | BM13: 50
A14: NDB HOLDING AGRICOLA LTDA | B14: ACIONISTA | C14: FAZ. SAYONARA - PROJETO 10 | D14: 01-PROXIMO | E14: 108013 | F14: 013 | G14: 7.73 | H14: Sim | I14: 108 - FAZ. SAYONARA - PROJETO 10 | J14: 4513 - NDB HOLDING AGRICOLA LTDA - FAZ. SAYONARA | K14: 4513 - NDB HOLDING AGRICOLA LTDA - FAZ. SAYONARA | L14: ACIONISTA | M14: 4 | N14: Sim | P14: 0 | Q14: 9C | R14: RB95-5977 | S14: 2026/2027 | T14: 2017-01-15T00:00:00 | U14: 2026-01-01T09:43:00 | V14: 5 | W14: 170 | Y14: CANA-DE-ACUCAR | Z14: A Definir | AA14: 1.5 | AB14: 2 | AC14: 2 | AD14: 2 | AI14: RENOVABIO | AL14: APLIC HERBICIDA PRE | AT14: MECANIZADA | AW14: REFORMA PÓS COLHEITA | AZ14: AREA FERTIRRIGADA | BE14: ACIONISTA | BL14: 386.5 | BM14: 50
A15: NDB HOLDING AGRICOLA LTDA | B15: ACIONISTA | C15: FAZ. SAYONARA - PROJETO 10 | D15: 01-PROXIMO | E15: 108014 | F15: 014 | G15: 7.52 | H15: Sim | I15: 108 - FAZ. SAYONARA - PROJETO 10 | J15: 4513 - NDB HOLDING AGRICOLA LTDA - FAZ. SAYONARA | K15: 4513 - NDB HOLDING AGRICOLA LTDA - FAZ. SAYONARA | L15: ACIONISTA | M15: 4 | N15: Sim | P15: 0 | Q15: 9C | R15: RB95-5977 | S15: 2026/2027 | T15: 2017-01-15T00:00:00 | U15: 2026-01-01T09:43:00 | V15: 5 | W15: 170 | Y15: CANA-DE-ACUCAR | Z15: A Definir | AA15: 1.5 | AB15: 2 | AC15: 2 | AD15: 2 | AI15: RENOVABIO | AL15: APLIC HERBICIDA PRE | AT15: MECANIZADA | AW15: REFORMA PÓS COLHEITA | AZ15: AREA FERTIRRIGADA | BE15: ACIONISTA | BL15: 376 | BM15: 50
A16: NDB HOLDING AGRICOLA LTDA | B16: ACIONISTA | C16: FAZ. SAYONARA - PROJETO 10 | D16: 01-PROXIMO | E16: 108015 | F16: 015 | G16: 8.5 | H16: Sim | I16: 108 - FAZ. SAYONARA - PROJETO 10 | J16: 4513 - NDB HOLDING AGRICOLA LTDA - FAZ. SAYONARA | K16: 4513 - NDB HOLDING AGRICOLA LTDA - FAZ. SAYONARA | L16: ACIONISTA | M16: 4 | N16: Sim | P16: 0 | Q16: 9C | R16: RB95-5977 | S16: 2026/2027 | T16: 2017-01-15T00:00:00 | U16: 2026-01-01T09:43:00 | V16: 5 | W16: 170 | Y16: CANA-DE-ACUCAR | Z16: A Definir | AA16: 1.5 | AB16: 2 | AC16: 2 | AD16: 2 | AI16: RENOVABIO | AL16: APLIC HERBICIDA PRE | AT16: MECANIZADA | AW16: REFORMA PÓS COLHEITA | AZ16: AREA FERTIRRIGADA | BE16: ACIONISTA | BL16: 425 | BM16: 50
A17: NDB HOLDING AGRICOLA LTDA | B17: ACIONISTA | C17: FAZ. SAYONARA - PROJETO 10 | D17: 01-PROXIMO | E17: 108016 | F17: 016 | G17: 7.85 | H17: Sim | I17: 108 - FAZ. SAYONARA - PROJETO 10 | J17: 4513 - NDB HOLDING AGRICOLA LTDA - FAZ. SAYONARA | K17: 4513 - NDB HOLDING AGRICOLA LTDA - FAZ. SAYONARA | L17: ACIONISTA | M17: 4 | N17: Sim | P17: 0 | Q17: 9C | R17: RB95-5977 | S17: 2026/2027 | T17: 2017-01-15T00:00:00 | U17: 2026-01-01T09:43:00 | V17: 5 | W17: 170 | Y17: CANA-DE-ACUCAR | Z17: A Definir | AA17: 1.5 | AB17: 2 | AC17: 2 | AD17: 2 | AI17: RENOVABIO | AL17: APLIC HERBICIDA PRE | AT17: MECANIZADA | AW17: REFORMA PÓS COLHEITA | AZ17: AREA FERTIRRIGADA | BE17: ACIONISTA | BL17: 392.5 | BM17: 50
A18: NDB HOLDING AGRICOLA LTDA | B18: ACIONISTA | C18: FAZ. SAYONARA - PROJETO 10 | D18: 01-PROXIMO | E18: 108017 | F18: 017 | G18: 4.83 | H18: Sim | I18: 108 - FAZ. SAYONARA - PROJETO 10 | J18: 4513 - NDB HOLDING AGRICOLA LTDA - FAZ. SAYONARA | K18: 4513 - NDB HOLDING AGRICOLA LTDA - FAZ. SAYONARA | L18: ACIONISTA | M18: 4 | N18: Sim | P18: 0 | Q18: 9C | R18: RB95-5977 | S18: 2026/2027 | T18: 2017-01-15T00:00:00 | U18: 2026-01-01T09:43:00 | V18: 5 | W18: 170 | Y18: CANA-DE-ACUCAR | Z18: A Definir | AA18: 1.5 | AB18: 2 | AC18: 2 | AD18: 2 | AI18: RENOVABIO | AL18: APLIC HERBICIDA PRE | AT18: MECANIZADA | AW18: REFORMA PÓS COLHEITA | AZ18: AREA FERTIRRIGADA | BE18: ACIONISTA | BL18: 241.5 | BM18: 50
A19: NDB HOLDING AGRICOLA LTDA | B19: ACIONISTA | C19: FAZ. SAYONARA - PROJETO 10 | D19: 01-PROXIMO | E19: 108018 | F19: 018 | G19: 0.57 | H19: Sim | I19: 108 - FAZ. SAYONARA - PROJETO 10 | J19: 4513 - NDB HOLDING AGRICOLA LTDA - FAZ. SAYONARA | K19: 4513 - NDB HOLDING AGRICOLA LTDA - FAZ. SAYONARA | L19: ACIONISTA | M19: 4 | N19: Sim | P19: 0 | Q19: 9C | R19: RB95-5977 | S19: 2026/2027 | T19: 2017-01-15T00:00:00 | U19: 2026-01-01T09:43:00 | V19: 5 | W19: 170 | Y19: CANA-DE-ACUCAR | Z19: A Definir | AA19: 1.5 | AB19: 2 | AC19: 2 | AD19: 2 | AI19: RENOVABIO | AL19: APLIC HERBICIDA PRE | AT19: MECANIZADA | AW19: REFORMA PÓS COLHEITA | AZ19: AREA FERTIRRIGADA | BE19: ACIONISTA | BL19: 28.5 | BM19: 50
A20: NDB HOLDING AGRICOLA LTDA | B20: ACIONISTA | C20: FAZ. SAYONARA - PROJETO 10 | D20: 01-PROXIMO | E20: 108019 | F20: 019 | G20: 3.43 | H20: Sim | I20: 108 - FAZ. SAYONARA - PROJETO 10 | J20: 4513 - NDB HOLDING AGRICOLA LTDA - FAZ. SAYONARA | K20: 4513 - NDB HOLDING AGRICOLA LTDA - FAZ. SAYONARA | L20: ACIONISTA | M20: 4 | N20: Sim | P20: 0 | Q20: 5C | R20: RB86-7515 | S20: 2026/2027 | T20: 2022-03-07T00:00:00 | U20: 2026-01-01T09:43:00 | V20: 5 | W20: 170 | Y20: CANA-DE-ACUCAR | Z20: A Definir | AA20: 1.5 | AB20: 2 | AC20: 2 | AD20: 2 | AI20: RENOVABIO | AL20: APLIC HERBICIDA PRE | AT20: MECANIZADA | AZ20: AREA FERTIRRIGADA | BE20: ACIONISTA | BL20: 188.65 | BM20: 55
A21: NDB HOLDING AGRICOLA LTDA | B21: ACIONISTA | C21: FAZ. SAYONARA - PROJETO 10 | D21: 01-PROXIMO | E21: 108020 | F21: 020 | G21: 2.46 | H21: Sim | I21: 108 - FAZ. SAYONARA - PROJETO 10 | J21: 4513 - NDB HOLDING AGRICOLA LTDA - FAZ. SAYONARA | K21: 4513 - NDB HOLDING AGRICOLA LTDA - FAZ. SAYONARA | L21: ACIONISTA | M21: 4 | N21: Sim | P21: 0 | Q21: 5C | R21: RB86-7515 | S21: 2026/2027 | T21: 2022-03-07T00:00:00 | U21: 2026-01-01T09:43:00 | V21: 5 | W21: 170 | Y21: CANA-DE-ACUCAR | Z21: A Definir | AA21: 1.5 | AB21: 2 | AC21: 2 | AD21: 2 | AI21: RENOVABIO | AL21: APLIC HERBICIDA PRE | AT21: MECANIZADA | AZ21: AREA FERTIRRIGADA | BE21: ACIONISTA | BL21: 135.3 | BM21: 55
A22: NDB HOLDING AGRICOLA LTDA | B22: ACIONISTA | C22: FAZ. SAYONARA - PROJETO 10 | D22: 01-PROXIMO | E22: 108021 | F22: 021 | G22: 1.08 | H22: Sim | I22: 108 - FAZ. SAYONARA - PROJETO 10 | J22: 4513 - NDB HOLDING AGRICOLA LTDA - FAZ. SAYONARA | K22: 4513 - NDB HOLDING AGRICOLA LTDA - FAZ. SAYONARA | L22: ACIONISTA | M22: 4 | N22: Sim | P22: 0 | Q22: 5C | R22: RB86-7515 | S22: 2026/2027 | T22: 2022-07-03T00:00:00 | U22: 2026-01-01T09:43:00 | V22: 5 | W22: 170 | Y22: CANA-DE-ACUCAR | Z22: A Definir | AA22: 1.5 | AB22: 2 | AC22: 2 | AD22: 2 | AI22: RENOVABIO | AL22: APLIC HERBICIDA PRE | AT22: MECANIZADA | AZ22: AREA FERTIRRIGADA | BE22: ACIONISTA | BL22: 59.4 | BM22: 55
A23: NDB HOLDING AGRICOLA LTDA | B23: ACIONISTA | C23: FAZ. SAYONARA - PROJETO 10 | D23: 01-PROXIMO | E23: 108022 | F23: 022 | G23: 0.84 | H23: Sim | I23: 108 - FAZ. SAYONARA - PROJETO 10 | J23: 4513 - NDB HOLDING AGRICOLA LTDA - FAZ. SAYONARA | K23: 4513 - NDB HOLDING AGRICOLA LTDA - FAZ. SAYONARA | L23: ACIONISTA | M23: 4 | N23: Sim | P23: 0 | Q23: 5C | R23: RB86-7515 | S23: 2026/2027 | T23: 2022-03-07T00:00:00 | U23: 2026-01-01T09:43:00 | V23: 5 | W23: 170 | Y23: CANA-DE-ACUCAR | Z23: A Definir | AA23: 1.5 | AB23: 2 | AC23: 2 | AD23: 2 | AI23: RENOVABIO | AL23: APLIC HERBICIDA PRE | AT23: MECANIZADA | AZ23: AREA FERTIRRIGADA | BE23: ACIONISTA | BL23: 46.2 | BM23: 55
A24: NDB HOLDING AGRICOLA LTDA | B24: ACIONISTA | C24: FAZ. SAYONARA - PROJETO 10 | D24: 01-PROXIMO | E24: 108023 | F24: 023 | G24: 5.2 | H24: Sim | I24: 108 - FAZ. SAYONARA - PROJETO 10 | J24: 4513 - NDB HOLDING AGRICOLA LTDA - FAZ. SAYONARA | K24: 4513 - NDB HOLDING AGRICOLA LTDA - FAZ. SAYONARA | L24: ACIONISTA | M24: 4 | N24: Sim | P24: 0 | Q24: 9C | R24: RB95-5977 | S24: 2026/2027 | T24: 2017-01-15T00:00:00 | U24: 2026-01-01T09:43:00 | V24: 5 | W24: 170 | Y24: CANA-DE-ACUCAR | Z24: A Definir | AA24: 1.5 | AB24: 2 | AC24: 2 | AD24: 2 | AI24: RENOVABIO | AL24: APLIC HERBICIDA PRE | AT24: MECANIZADA | AW24: REFORMA PÓS COLHEITA | AZ24: AREA FERTIRRIGADA | BE24: ACIONISTA | BL24: 260 | BM24: 50
A25: NDB HOLDING AGRICOLA LTDA | B25: ACIONISTA | C25: FAZ. SAYONARA - PROJETO 10 | D25: 01-PROXIMO | E25: 108024 | F25: 024 | G25: 3.43 | H25: Sim | I25: 108 - FAZ. SAYONARA - PROJETO 10 | J25: 4513 - NDB HOLDING AGRICOLA LTDA - FAZ. SAYONARA | K25: 4513 - NDB HOLDING AGRICOLA LTDA - FAZ. SAYONARA | L25: ACIONISTA | M25: 4 | N25: Sim | P25: 0 | Q25: 5C | R25: RB95-5977 | S25: 2026/2027 | T25: 2017-01-15T00:00:00 | U25: 2026-01-01T09:43:00 | V25: 5 | W25: 170 | Y25: CANA-DE-ACUCAR | Z25: A Definir | AA25: 1.5 | AB25: 2 | AC25: 2 | AD25: 2 | AI25: RENOVABIO | AL25: APLIC HERBICIDA PRE | AT25: MECANIZADA | AZ25: AREA FERTIRRIGADA | BE25: ACIONISTA | BL25: 188.65 | BM25: 55
A26: NDB HOLDING AGRICOLA LTDA | B26: ACIONISTA | C26: FAZ. SAYONARA - PROJETO 10 | D26: 01-PROXIMO | E26: 108025 | F26: 025 | G26: 6.24 | H26: Sim | I26: 108 - FAZ. SAYONARA - PROJETO 10 | J26: 4513 - NDB HOLDING AGRICOLA LTDA - FAZ. SAYONARA | K26: 4513 - NDB HOLDING AGRICOLA LTDA - FAZ. SAYONARA | L26: ACIONISTA | M26: 4 | N26: Sim | P26: 0 | Q26: 4C | R26: VIVEIRO | S26: 2026/2027 | T26: 2022-03-07T00:00:00 | U26: 2026-01-01T09:43:00 | V26: 5 | W26: 170 | Y26: CANA-DE-ACUCAR | Z26: A Definir | AA26: 1.5 | AB26: 2 | AC26: 2 | AD26: 2 | AI26: RENOVABIO | AL26: APLIC HERBICIDA PRE | AT26: MECANIZADA | AZ26: AREA FERTIRRIGADA | BE26: ACIONISTA | BL26: 374.4 | BM26: 60
A27: NDB HOLDING AGRICOLA LTDA | B27: ACIONISTA | C27: FAZ. SAYONARA - PROJETO 10 | D27: 01-PROXIMO | E27: 108026 | F27: 026 | G27: 2.81 | H27: Sim | I27: 108 - FAZ. SAYONARA - PROJETO 10 | J27: 4513 - NDB HOLDING AGRICOLA LTDA - FAZ. SAYONARA | K27: 4513 - NDB HOLDING AGRICOLA LTDA - FAZ. SAYONARA | L27: ACIONISTA | M27: 4 | N27: Sim | P27: 0 | Q27: 4C | R27: VIVEIRO | S27: 2026/2027 | T27: 2022-03-07T00:00:00 | U27: 2026-01-01T09:43:00 | V27: 5 | W27: 170 | Y27: CANA-DE-ACUCAR | Z27: A Definir | AA27: 1.5 | AB27: 2 | AC27: 2 | AD27: 2 | AI27: RENOVABIO | AL27: APLIC HERBICIDA PRE | AT27: MECANIZADA | AZ27: AREA FERTIRRIGADA | BE27: ACIONISTA | BL27: 168.6 | BM27: 60
A28: NDB HOLDING AGRICOLA LTDA | B28: ACIONISTA | C28: FAZ. SAYONARA - PROJETO 11 | D28: 01-PROXIMO | E28: 116001 | F28: 001 | G28: 6.16 | H28: Sim | I28: 116 - FAZ. SAYONARA - PROJETO 11 | J28: 4513 - NDB HOLDING AGRICOLA LTDA - FAZ. SAYONARA | K28: 4513 - NDB HOLDING AGRICOLA LTDA - FAZ. SAYONARA | L28: ACIONISTA | M28: 8 | N28: Sim | P28: 0 | Q28: 3C | R28: RB00-6995 | S28: 2026/2027 | T28: 2024-01-14T01:08:00 | U28: 2025-02-01T00:00:00 | V28: 16 | W28: 504 | Y28: CANA-DE-ACUCAR | Z28: A Definir | AA28: 1.5 | AB28: 2 | AC28: 2 | AD28: 2 | AI28: RENOVABIO | AL28: APLIC HERBICIDA PRE | AT28: MECANIZADA | AY28: FRENTE-02 | AZ28: AREA FERTIRRIGADA | BD28: 15-04 | BE28: ACIONISTA | BL28: 677.6 | BM28: 110 | BN28: 853.2 | BO28: 6.16 | BP28: 138.51 | BQ28: Conceição da Barra
A29: NDB HOLDING AGRICOLA LTDA | B29: ACIONISTA | C29: FAZ. SAYONARA - PROJETO 11 | D29: 01-PROXIMO | E29: 116002 | F29: 002 | G29: 18.96 | H29: Sim | I29: 116 - FAZ. SAYONARA - PROJETO 11 | J29: 4513 - NDB HOLDING AGRICOLA LTDA - FAZ. SAYONARA | K29: 4513 - NDB HOLDING AGRICOLA LTDA - FAZ. SAYONARA | L29: ACIONISTA | M29: 8 | N29: Sim | P29: 0 | Q29: 3C | R29: RB00-6995 | S29: 2026/2027 | T29: 2024-01-14T01:08:00 | U29: 2025-03-05T00:00:00 | V29: 15 | W29: 472 | Y29: CANA-DE-ACUCAR | Z29: A Definir | AA29: 1.5 | AB29: 2 | AC29: 2 | AD29: 2 | AI29: RENOVABIO | AL29: APLIC HERBICIDA PRE | AT29: MECANIZADA | AY29: FRENTE-02 | AZ29: AREA FERTIRRIGADA | BD29: 15-04 | BE29: ACIONISTA | BL29: 2085.6 | BM29: 110 | BN29: 2626.08 | BO29: 18.96 | BP29: 138.51 | BQ29: Braço do Rio
A30: NDB HOLDING AGRICOLA LTDA | B30: ACIONISTA | C30: FAZ. SAYONARA - PROJETO 11 | D30: 01-PROXIMO | E30: 116003 | F30: 003 | G30: 12.6 | H30: Sim | I30: 116 - FAZ. SAYONARA - PROJETO 11 | J30: 4513 - NDB HOLDING AGRICOLA LTDA - FAZ. SAYONARA | K30: 4513 - NDB HOLDING AGRICOLA LTDA - FAZ. SAYONARA | L30: ACIONISTA | M30: 8 | N30: Sim | P30: 0 | Q30: 3C | R30: RB00-6995 | S30: 2026/2027 | T30: 2024-02-16T00:00:00 | U30: 2023-09-15T00:00:00 | V30: 33 | W30: 1009 | Y30: CANA-DE-ACUCAR | Z30: A Definir | AA30: 1.5 | AB30: 2 | AC30: 2 | AD30: 2 | AI30: RENOVABIO | AL30: APLIC HERBICIDA PRE | AT30: MECANIZADA | AY30: FRENTE-02 | AZ30: AREA FERTIRRIGADA | BD30: 15-04 | BE30: ACIONISTA | BL30: 1386 | BM30: 110 | BN30: 1745.174 | BO30: 12.6 | BP30: 138.51 | BQ30: Pedro Canario
A31: NDB HOLDING AGRICOLA LTDA | B31: ACIONISTA | C31: FAZ. SAYONARA - PROJETO 11 | D31: 01-PROXIMO | E31: 116004 | F31: 004 | G31: 8.13 | H31: Sim | I31: 116 - FAZ. SAYONARA - PROJETO 11 | J31: 4513 - NDB HOLDING AGRICOLA LTDA - FAZ. SAYONARA | K31: 4513 - NDB HOLDING AGRICOLA LTDA - FAZ. SAYONARA | L31: ACIONISTA | M31: 8 | N31: Sim | P31: 0 | Q31: 3C | R31: RB00-6995 | S31: 2026/2027 | T31: 2024-01-17T01:16:00 | U31: 2025-12-10T00:00:00 | V31: 6 | W31: 192 | Y31: CANA-DE-ACUCAR | Z31: A Definir | AA31: 1.5 | AB31: 2 | AC31: 2 | AD31: 2 | AI31: RENOVABIO | AL31: APLIC HERBICIDA PRE | AT31: MECANIZADA | AY31: FRENTE-02 | AZ31: AREA FERTIRRIGADA | BD31: 15-04 | BE31: ACIONISTA | BL31: 894.3 | BM31: 110 | BN31: 1126.055 | BO31: 8.13 | BP31: 138.51 | BQ31: Nanuque
A32: NDB HOLDING AGRICOLA LTDA | B32: ACIONISTA | C32: FAZ. SAYONARA - PROJETO 11 | D32: 01-PROXIMO | E32: 116005 | F32: 005 | G32: 11.29 | H32: Sim | I32: 116 - FAZ. SAYONARA - PROJETO 11 | J32: 4513 - NDB HOLDING AGRICOLA LTDA - FAZ. SAYONARA | K32: 4513 - NDB HOLDING AGRICOLA LTDA - FAZ. SAYONARA | L32: ACIONISTA | M32: 8 | N32: Sim | P32: 0 | Q32: 3C | R32: RB00-6995 | S32: 2026/2027 | T32: 2024-02-17T16:48:00 | U32: 2025-12-10T00:00:00 | V32: 6 | W32: 192 | Y32: CANA-DE-ACUCAR | Z32: A Definir | AA32: 1.5 | AB32: 2 | AC32: 2 | AD32: 2 | AI32: RENOVABIO | AL32: APLIC HERBICIDA PRE | AT32: MECANIZADA | AY32: FRENTE-02 | AZ32: AREA FERTIRRIGADA | BD32: 15-04 | BE32: ACIONISTA | BL32: 1241.9 | BM32: 110 | BN32: 1563.727 | BO32: 11.29 | BP32: 138.51 | BQ32: São Mateus
A33: NDB HOLDING AGRICOLA LTDA | B33: ACIONISTA | C33: FAZ. SAYONARA - PROJETO 11 | D33: 01-PROXIMO | E33: 116006 | F33: 006 | G33: 9.34 | H33: Sim | I33: 116 - FAZ. SAYONARA - PROJETO 11 | J33: 4513 - NDB HOLDING AGRICOLA LTDA - FAZ. SAYONARA | K33: 4513 - NDB HOLDING AGRICOLA LTDA - FAZ. SAYONARA | L33: ACIONISTA | M33: 8 | N33: Sim | P33: 0 | Q33: 3C | R33: RB00-6995 | S33: 2026/2027 | T33: 2024-02-20T14:50:00 | U33: 2023-09-15T00:00:00 | V33: 33 | W33: 1009 | Y33: CANA-DE-ACUCAR | Z33: A Definir | AA33: 1.5 | AB33: 2 | AC33: 2 | AD33: 2 | AI33: RENOVABIO | AL33: APLIC HERBICIDA PRE | AT33: MECANIZADA | AY33: FRENTE-02 | AZ33: AREA FERTIRRIGADA | BD33: 15-04 | BE33: ACIONISTA | BL33: 1027.4 | BM33: 110 | BN33: 1293.636 | BO33: 9.34 | BP33: 138.5 | BQ33: Pinheiros
A34: NDB HOLDING AGRICOLA LTDA | B34: ACIONISTA | C34: FAZ. SAYONARA - PROJETO 11 | D34: 01-PROXIMO | E34: 116007 | F34: 007 | G34: 10.56 | H34: Sim | I34: 116 - FAZ. SAYONARA - PROJETO 11 | J34: 4513 - NDB HOLDING AGRICOLA LTDA - FAZ. SAYONARA | K34: 4513 - NDB HOLDING AGRICOLA LTDA - FAZ. SAYONARA | L34: ACIONISTA | M34: 8 | N34: Sim | P34: 0 | Q34: 3C | R34: RB00-6995 | S34: 2026/2027 | T34: 2024-02-18T16:48:00 | U34: 2023-09-15T00:00:00 | V34: 33 | W34: 1009 | Y34: CANA-DE-ACUCAR | Z34: A Definir | AA34: 1.5 | AB34: 2 | AC34: 2 | AD34: 2 | AI34: RENOVABIO | AL34: APLIC HERBICIDA PRE | AT34: MECANIZADA | AY34: FRENTE-02 | AZ34: AREA FERTIRRIGADA | BD34: 15-04 | BE34: ACIONISTA | BL34: 1161.6 | BM34: 110 | BN34: 1462.629 | BO34: 10.56 | BP34: 138.51 | BQ34: Boa Esperaça
A35: NDB HOLDING AGRICOLA LTDA | B35: ACIONISTA | C35: FAZ. SAYONARA - PROJETO 11 | D35: 01-PROXIMO | E35: 116008 | F35: 008 | G35: 15.12 | H35: Sim | I35: 116 - FAZ. SAYONARA - PROJETO 11 | J35: 4513 - NDB HOLDING AGRICOLA LTDA - FAZ. SAYONARA | K35: 4513 - NDB HOLDING AGRICOLA LTDA - FAZ. SAYONARA | L35: ACIONISTA | M35: 8 | N35: Sim | P35: 0 | Q35: 3C | R35: RB00-6995 | S35: 2026/2027 | T35: 2024-01-16T01:14:00 | U35: 2023-09-15T00:00:00 | V35: 33 | W35: 1009 | Y35: CANA-DE-ACUCAR | Z35: A Definir | AA35: 1.5 | AB35: 2 | AC35: 2 | AD35: 2 | AI35: RENOVABIO | AL35: APLIC HERBICIDA PRE | AT35: MECANIZADA | AY35: FRENTE-02 | AZ35: AREA FERTIRRIGADA | BD35: 15-04 | BE35: ACIONISTA | BL35: 1663.2 | BM35: 110 | BN35: 2094.225 | BO35: 15.12 | BP35: 138.51 | BQ35: Mucuri
A36: NDB HOLDING AGRICOLA LTDA | B36: ACIONISTA | C36: FAZ. SAYONARA - PROJETO 11 | D36: 01-PROXIMO | E36: 116009 | F36: 009 | G36: 11.9 | H36: Sim | I36: 116 - FAZ. SAYONARA - PROJETO 11 | J36: 4513 - NDB HOLDING AGRICOLA LTDA - FAZ. SAYONARA | K36: 4513 - NDB HOLDING AGRICOLA LTDA - FAZ. SAYONARA | L36: ACIONISTA | M36: 8 | N36: Sim | P36: 0 | Q36: 3C | R36: RB00-6995 | S36: 2026/2027 | T36: 2024-02-21T14:51:00 | U36: 2024-12-05T08:42:35 | V36: 18 | W36: 562 | Y36: CANA-DE-ACUCAR | Z36: A Definir | AA36: 1.5 | AB36: 2 | AC36: 2 | AD36: 2 | AI36: RENOVABIO | AL36: APLIC HERBICIDA PRE | AT36: MECANIZADA | AY36: FRENTE-02 | AZ36: AREA FERTIRRIGADA | BD36: 15-04 | BE36: ACIONISTA | BL36: 1309 | BM36: 110 | BN36: 1648.223 | BO36: 11.9 | BP36: 138.51 | BQ36: Motanha
A37: NDB HOLDING AGRICOLA LTDA | B37: ACIONISTA | C37: FAZ. SAYONARA - PROJETO 11 | D37: 01-PROXIMO | E37: 116010 | F37: 010 | G37: 1.49 | H37: Sim | I37: 116 - FAZ. SAYONARA - PROJETO 11 | J37: 4513 - NDB HOLDING AGRICOLA LTDA - FAZ. SAYONARA | K37: 4513 - NDB HOLDING AGRICOLA LTDA - FAZ. SAYONARA | L37: ACIONISTA | M37: 8 | N37: Sim | P37: 0 | Q37: 3C | R37: RB00-6995 | S37: 2026/2027 | T37: 2024-01-18T01:19:00 | U37: 2023-09-15T00:00:00 | V37: 33 | W37: 1009 | Y37: CANA-DE-ACUCAR | Z37: A Definir | AA37: 1.5 | AB37: 2 | AC37: 2 | AD37: 2 | AI37: RENOVABIO | AL37: APLIC HERBICIDA PRE | AT37: MECANIZADA | AY37: FRENTE-02 | AZ37: AREA FERTIRRIGADA | BD37: 15-04 | BE37: ACIONISTA | BL37: 163.9 | BM37: 110 | BN37: 206.37 | BO37: 1.49 | BP37: 138.5
A38: NDB HOLDING AGRICOLA LTDA | B38: ACIONISTA | C38: FAZ. SAYONARA - PROJETO 11 | D38: 01-PROXIMO | E38: 116011 | F38: 011 | G38: 1.32 | H38: Sim | I38: 116 - FAZ. SAYONARA - PROJETO 11 | J38: 4513 - NDB HOLDING AGRICOLA LTDA - FAZ. SAYONARA | K38: 4513 - NDB HOLDING AGRICOLA LTDA - FAZ. SAYONARA | L38: ACIONISTA | M38: 8 | N38: Sim | P38: 0 | Q38: 3C | R38: RB00-6995 | S38: 2026/2027 | T38: 2024-01-18T01:19:00 | U38: 2025-01-03T00:00:00 | V38: 17 | W38: 533 | Y38: CANA-DE-ACUCAR | Z38: A Definir | AA38: 1.5 | AB38: 2 | AC38: 2 | AD38: 2 | AI38: RENOVABIO | AL38: APLIC HERBICIDA PRE | AT38: MECANIZADA | AY38: FRENTE-02 | AZ38: AREA FERTIRRIGADA | BD38: 15-04 | BE38: ACIONISTA | BL38: 145.2 | BM38: 110 | BN38: 182.811 | BO38: 1.32 | BP38: 138.49
A39: NDB HOLDING AGRICOLA LTDA | B39: ACIONISTA | C39: FAZ. PLANALTO III | D39: 08-PLANALTO | E39: 1210001 | F39: 001 | G39: 4.37 | H39: Sim | I39: 1210 - FAZ. PLANALTO III | J39: 4523 - NDB HOLDING AGRICOLA LTDA - FAZ. PLANALTO VI | K39: 4523 - NDB HOLDING AGRICOLA LTDA - FAZ. PLANALTO VI | L39: ACIONISTA | M39: 4 | N39: Sim | P39: 0 | Q39: 5C | R39: RB86-7515 | S39: 2026/2027 | T39: 2020-11-30T00:00:00 | U39: 2025-05-24T22:17:14 | V39: 12 | W39: 391 | Y39: CANA-DE-ACUCAR | Z39: A Definir | AA39: 1.5 | AB39: 30 | AC39: 30 | AD39: 30 | AI39: RENOVABIO | AL39: APLIC HERBICIDA PRE | AT39: MECANIZADA | BE39: ARRENDAMENTO | BL39: 284.05 | BM39: 65
A40: NDB HOLDING AGRICOLA LTDA | B40: ACIONISTA | C40: FAZ. PLANALTO III | D40: 08-PLANALTO | E40: 1210002 | F40: 002 | G40: 6.79 | H40: Sim | I40: 1210 - FAZ. PLANALTO III | J40: 4523 - NDB HOLDING AGRICOLA LTDA - FAZ. PLANALTO VI | K40: 4523 - NDB HOLDING AGRICOLA LTDA - FAZ. PLANALTO VI | L40: ACIONISTA | M40: 4 | N40: Sim | P40: 0 | Q40: 5C | R40: RB86-7515 | S40: 2026/2027 | T40: 2020-11-30T00:00:00 | U40: 2025-05-24T22:17:14 | V40: 12 | W40: 391 | Y40: CANA-DE-ACUCAR | Z40: A Definir | AA40: 1.5 | AB40: 30 | AC40: 30 | AD40: 30 | AI40: RENOVABIO | AL40: APLIC HERBICIDA PRE | AT40: MECANIZADA | BE40: ARRENDAMENTO | BL40: 441.35 | BM40: 65
A41: NDB HOLDING AGRICOLA LTDA | B41: ACIONISTA | C41: FAZ. PLANALTO III | D41: 08-PLANALTO | E41: 1210003 | F41: 003 | G41: 5.51 | H41: Sim | I41: 1210 - FAZ. PLANALTO III | J41: 4523 - NDB HOLDING AGRICOLA LTDA - FAZ. PLANALTO VI | K41: 4523 - NDB HOLDING AGRICOLA LTDA - FAZ. PLANALTO VI | L41: ACIONISTA | M41: 4 | N41: Sim | P41: 0 | Q41: 5C | R41: RB86-7515 | S41: 2026/2027 | T41: 2020-11-30T00:00:00 | U41: 2025-05-24T22:17:14 | V41: 12 | W41: 391 | Y41: CANA-DE-ACUCAR | Z41: A Definir | AA41: 1.5 | AB41: 30 | AC41: 30 | AD41: 30 | AI41: RENOVABIO | AL41: APLIC HERBICIDA PRE | AT41: MECANIZADA | BE41: ARRENDAMENTO | BL41: 358.15 | BM41: 65
A42: NDB HOLDING AGRICOLA LTDA | B42: ACIONISTA | C42: FAZ. PLANALTO III | D42: 08-PLANALTO | E42: 1210004 | F42: 004 | G42: 3.59 | H42: Sim | I42: 1210 - FAZ. PLANALTO III | J42: 4523 - NDB HOLDING AGRICOLA LTDA - FAZ. PLANALTO VI | K42: 4523 - NDB HOLDING AGRICOLA LTDA - FAZ. PLANALTO VI | L42: ACIONISTA | M42: 4 | N42: Sim | P42: 0 | Q42: 5C | R42: RB86-7515 | S42: 2026/2027 | T42: 2020-11-30T00:00:00 | U42: 2025-05-24T22:17:14 | V42: 12 | W42: 391 | Y42: CANA-DE-ACUCAR | Z42: A Definir | AA42: 1.5 | AB42: 30 | AC42: 30 | AD42: 30 | AI42: RENOVABIO | AL42: APLIC HERBICIDA PRE | AT42: MECANIZADA | BE42: ARRENDAMENTO | BL42: 233.35 | BM42: 65
A43: NDB HOLDING AGRICOLA LTDA | B43: ACIONISTA | C43: FAZ. PLANALTO III | D43: 08-PLANALTO | E43: 1210005 | F43: 005 | G43: 4.72 | H43: Sim | I43: 1210 - FAZ. PLANALTO III | J43: 4523 - NDB HOLDING AGRICOLA LTDA - FAZ. PLANALTO VI | K43: 4523 - NDB HOLDING AGRICOLA LTDA - FAZ. PLANALTO VI | L43: ACIONISTA | M43: 4 | N43: Sim | P43: 0 | Q43: 5C | R43: RB86-7515 | S43: 2026/2027 | T43: 2020-11-30T00:00:00 | U43: 2025-05-24T22:17:14 | V43: 12 | W43: 391 | Y43: CANA-DE-ACUCAR | Z43: A Definir | AA43: 1.5 | AB43: 30 | AC43: 30 | AD43: 30 | AI43: RENOVABIO | AL43: APLIC HERBICIDA PRE | AT43: MECANIZADA | BE43: ARRENDAMENTO | BL43: 306.8 | BM43: 65
A44: NDB HOLDING AGRICOLA LTDA | B44: ACIONISTA | C44: FAZ. PLANALTO III | D44: 08-PLANALTO | E44: 1210006 | F44: 006 | G44: 8.68 | H44: Sim | I44: 1210 - FAZ. PLANALTO III | J44: 4523 - NDB HOLDING AGRICOLA LTDA - FAZ. PLANALTO VI | K44: 4523 - NDB HOLDING AGRICOLA LTDA - FAZ. PLANALTO VI | L44: ACIONISTA | M44: 4 | N44: Sim | P44: 0 | Q44: 5C | R44: RB86-7515 | S44: 2026/2027 | T44: 2020-11-30T00:00:00 | U44: 2025-05-24T22:17:14 | V44: 12 | W44: 391 | Y44: CANA-DE-ACUCAR | Z44: A Definir | AA44: 1.5 | AB44: 30 | AC44: 30 | AD44: 30 | AI44: RENOVABIO | AL44: APLIC HERBICIDA PRE | AT44: MECANIZADA | BE44: ARRENDAMENTO | BL44: 564.2 | BM44: 65
A45: NDB HOLDING AGRICOLA LTDA | B45: ACIONISTA | C45: FAZ. PLANALTO III | D45: 08-PLANALTO | E45: 1210007 | F45: 007 | G45: 5.91 | H45: Sim | I45: 1210 - FAZ. PLANALTO III | J45: 4523 - NDB HOLDING AGRICOLA LTDA - FAZ. PLANALTO VI | K45: 4523 - NDB HOLDING AGRICOLA LTDA - FAZ. PLANALTO VI | L45: ACIONISTA | M45: 4 | N45: Sim | P45: 0 | Q45: 5C | R45: RB86-7515 | S45: 2026/2027 | T45: 2020-11-30T00:00:00 | U45: 2025-05-24T22:17:14 | V45: 12 | W45: 391 | Y45: CANA-DE-ACUCAR | Z45: A Definir | AA45: 1.5 | AB45: 30 | AC45: 30 | AD45: 30 | AI45: RENOVABIO | AL45: APLIC HERBICIDA PRE | AT45: MECANIZADA | BE45: ARRENDAMENTO | BL45: 384.15 | BM45: 65
A46: NDB HOLDING AGRICOLA LTDA | B46: ACIONISTA | C46: FAZ. PLANALTO III | D46: 08-PLANALTO | E46: 1210008 | F46: 008 | G46: 2.82 | H46: Sim | I46: 1210 - FAZ. PLANALTO III | J46: 4523 - NDB HOLDING AGRICOLA LTDA - FAZ. PLANALTO VI | K46: 4523 - NDB HOLDING AGRICOLA LTDA - FAZ. PLANALTO VI | L46: ACIONISTA | M46: 4 | N46: Sim | P46: 0 | Q46: 5C | R46: RB86-7515 | S46: 2026/2027 | T46: 2020-11-30T00:00:00 | U46: 2025-05-24T22:17:14 | V46: 12 | W46: 391 | Y46: CANA-DE-ACUCAR | Z46: A Definir | AA46: 1.5 | AB46: 30 | AC46: 30 | AD46: 30 | AI46: RENOVABIO | AL46: APLIC HERBICIDA PRE | AT46: MECANIZADA | BE46: ARRENDAMENTO | BL46: 183.3 | BM46: 65
A47: NDB HOLDING AGRICOLA LTDA | B47: ACIONISTA | C47: FAZ. PLANALTO III | D47: 08-PLANALTO | E47: 1210009 | F47: 009 | G47: 3.15 | H47: Sim | I47: 1210 - FAZ. PLANALTO III | J47: 4523 - NDB HOLDING AGRICOLA LTDA - FAZ. PLANALTO VI | K47: 4523 - NDB HOLDING AGRICOLA LTDA - FAZ. PLANALTO VI | L47: ACIONISTA | M47: 4 | N47: Sim | P47: 0 | Q47: 5C | R47: RB86-7515 | S47: 2026/2027 | T47: 2020-11-30T00:00:00 | U47: 2025-05-24T22:17:14 | V47: 12 | W47: 391 | Y47: CANA-DE-ACUCAR | Z47: A Definir | AA47: 1.5 | AB47: 30 | AC47: 30 | AD47: 30 | AI47: RENOVABIO | AL47: APLIC HERBICIDA PRE | AT47: MECANIZADA | BE47: ARRENDAMENTO | BL47: 204.75 | BM47: 65
A48: NDB HOLDING AGRICOLA LTDA | B48: ACIONISTA | C48: FAZ. PLANALTO III | D48: 08-PLANALTO | E48: 1210010 | F48: 010 | G48: 4.12 | H48: Sim | I48: 1210 - FAZ. PLANALTO III | J48: 4523 - NDB HOLDING AGRICOLA LTDA - FAZ. PLANALTO VI | K48: 4523 - NDB HOLDING AGRICOLA LTDA - FAZ. PLANALTO VI | L48: ACIONISTA | M48: 4 | N48: Sim | P48: 0 | Q48: 5C | R48: RB86-7515 | S48: 2026/2027 | T48: 2020-11-30T00:00:00 | U48: 2025-05-24T22:17:14 | V48: 12 | W48: 391 | Y48: CANA-DE-ACUCAR | Z48: A Definir | AA48: 1.5 | AB48: 30 | AC48: 30 | AD48: 30 | AI48: RENOVABIO | AL48: APLIC HERBICIDA PRE | AT48: MECANIZADA | BE48: ARRENDAMENTO | BL48: 267.8 | BM48: 65
A49: NDB HOLDING AGRICOLA LTDA | B49: ACIONISTA | C49: FAZ. PLANALTO III | D49: 08-PLANALTO | E49: 1210011 | F49: 011 | G49: 8.11 | H49: Sim | I49: 1210 - FAZ. PLANALTO III | J49: 4523 - NDB HOLDING AGRICOLA LTDA - FAZ. PLANALTO VI | K49: 4523 - NDB HOLDING AGRICOLA LTDA - FAZ. PLANALTO VI | L49: ACIONISTA | M49: 4 | N49: Sim | P49: 0 | Q49: 5C | R49: RB86-7515 | S49: 2026/2027 | T49: 2020-11-30T00:00:00 | U49: 2025-05-24T22:17:14 | V49: 12 | W49: 391 | Y49: CANA-DE-ACUCAR | Z49: A Definir | AA49: 1.5 | AB49: 30 | AC49: 30 | AD49: 30 | AI49: RENOVABIO | AL49: APLIC HERBICIDA PRE | AT49: MECANIZADA | BE49: ARRENDAMENTO | BL49: 527.15 | BM49: 65
A50: NDB HOLDING AGRICOLA LTDA | B50: ACIONISTA | C50: FAZ. PLANALTO III | D50: 08-PLANALTO | E50: 1210012 | F50: 012 | G50: 4.58 | H50: Sim | I50: 1210 - FAZ. PLANALTO III | J50: 4523 - NDB HOLDING AGRICOLA LTDA - FAZ. PLANALTO VI | K50: 4523 - NDB HOLDING AGRICOLA LTDA - FAZ. PLANALTO VI | L50: ACIONISTA | M50: 4 | N50: Sim | P50: 0 | Q50: 5C | R50: RB86-7515 | S50: 2026/2027 | T50: 2020-11-30T00:00:00 | U50: 2025-05-24T22:17:14 | V50: 12 | W50: 391 | Y50: CANA-DE-ACUCAR | Z50: A Definir | AA50: 1.5 | AB50: 30 | AC50: 30 | AD50: 30 | AI50: RENOVABIO | AL50: APLIC HERBICIDA PRE | AT50: MECANIZADA | BE50: ARRENDAMENTO | BL50: 297.7 | BM50: 65
... A57: NDB HOLDING AGRICOLA LTDA | B57: ACIONISTA | C57: FAZ. PLANALTO III | D57: 08-PLANALTO | E57: 1210019 | F57: 019 | G57: 2.63 | H57: Sim | I57: 1210 - FAZ. PLANALTO III | J57: 4523 - NDB HOLDING AGRICOLA LTDA - FAZ. PLANALTO VI | K57: 4523 - NDB HOLDING AGRICOLA LTDA - FAZ. PLANALTO VI | L57: ACIONISTA | M57: 4 | N57: Sim | P57: 0 | Q57: 5C | R57: RB86-7515 | S57: 2026/2027 | T57: 2020-11-30T00:00:00 | U57: 2025-05-24T22:17:15 | V57: 12 | W57: 391 | Y57: CANA-DE-ACUCAR | Z57: A Definir | AA57: 1.5 | AB57: 30 | AC57: 30 | AD57: 30 | AI57: RENOVABIO | AL57: APLIC HERBICIDA PRE | AT57: MECANIZADA | BE57: ARRENDAMENTO | BL57: 170.95 | BM57: 65
A58: NDB HOLDING AGRICOLA LTDA | B58: ACIONISTA | C58: FAZ. SAYONARA - PROJETO 12 | D58: 01-PROXIMO | E58: 124001 | F58: 001 | G58: 7.16 | H58: Sim | I58: 124 - FAZ. SAYONARA - PROJETO 12 | J58: 4513 - NDB HOLDING AGRICOLA LTDA - FAZ. SAYONARA | K58: 4513 - NDB HOLDING AGRICOLA LTDA - FAZ. SAYONARA | L58: ACIONISTA | M58: 8 | N58: Sim | P58: 0 | Q58: 6C | R58: RB86-7515 | S58: 2026/2027 | T58: 2019-10-15T00:00:00 | U58: 2025-04-13T23:04:51 | V58: 14 | W58: 432 | Y58: CANA-DE-ACUCAR | Z58: A Definir | AA58: 1.5 | AB58: 2 | AC58: 2 | AD58: 2 | AI58: RENOVABIO | AT58: MECANIZADA | AW58: REFORMA PÓS COLHEITA | AY58: FRENTE-02 | AZ58: AREA FERTIRRIGADA | BD58: 15-04 | BE58: ACIONISTA | BL58: 358 | BM58: 50 | BN58: 580.89 | BO58: 7.16 | BP58: 81.13 | BQ58: Conceição da Barra
A59: NDB HOLDING AGRICOLA LTDA | B59: ACIONISTA | C59: FAZ. SAYONARA - PROJETO 12 | D59: 01-PROXIMO | E59: 124003 | F59: 003 | G59: 6.88 | H59: Sim | I59: 124 - FAZ. SAYONARA - PROJETO 12 | J59: 4513 - NDB HOLDING AGRICOLA LTDA - FAZ. SAYONARA | K59: 4513 - NDB HOLDING AGRICOLA LTDA - FAZ. SAYONARA | L59: ACIONISTA | M59: 8 | N59: Sim | P59: 0 | Q59: 6C | R59: RB86-7515 | S59: 2026/2027 | T59: 2019-10-15T00:00:00 | U59: 2025-04-13T23:04:52 | V59: 14 | W59: 432 | Y59: CANA-DE-ACUCAR | Z59: A Definir | AA59: 1.5 | AB59: 2 | AC59: 2 | AD59: 2 | AI59: RENOVABIO | AT59: MECANIZADA | AW59: REFORMA PÓS COLHEITA | AY59: FRENTE-02 | AZ59: AREA FERTIRRIGADA | BD59: 15-04 | BE59: ACIONISTA | BL59: 344 | BM59: 50 | BN59: 558.17 | BO59: 6.88 | BP59: 81.13 | BQ59: Braço do Rio
A60: NDB HOLDING AGRICOLA LTDA | B60: ACIONISTA | C60: FAZ. SAYONARA - PROJETO 12 | D60: 01-PROXIMO | E60: 124004 | F60: 004 | G60: 5.59 | H60: Sim | I60: 124 - FAZ. SAYONARA - PROJETO 12 | J60: 4513 - NDB HOLDING AGRICOLA LTDA - FAZ. SAYONARA | K60: 4513 - NDB HOLDING AGRICOLA LTDA - FAZ. SAYONARA | L60: ACIONISTA | M60: 8 | N60: Sim | P60: 0 | Q60: 6C | R60: RB86-7515 | S60: 2026/2027 | T60: 2019-10-15T00:00:00 | U60: 2025-04-13T23:04:52 | V60: 14 | W60: 432 | Y60: CANA-DE-ACUCAR | Z60: A Definir | AA60: 1.5 | AB60: 2 | AC60: 2 | AD60: 2 | AI60: RENOVABIO | AT60: MECANIZADA | AW60: REFORMA PÓS COLHEITA | AY60: FRENTE-02 | AZ60: AREA FERTIRRIGADA | BD60: 15-04 | BE60: ACIONISTA | BL60: 279.5 | BM60: 50 | BN60: 453.505 | BO60: 5.59 | BP60: 81.13 | BQ60: Pedro Canario
A61: NDB HOLDING AGRICOLA LTDA | B61: ACIONISTA | C61: FAZ. SAYONARA - PROJETO 12 | D61: 01-PROXIMO | E61: 124005 | F61: 005 - 01872 | G61: 1.15 | H61: Sim | I61: 124 - FAZ. SAYONARA - PROJETO 12 | J61: 4513 - NDB HOLDING AGRICOLA LTDA - FAZ. SAYONARA | K61: 4513 - NDB HOLDING AGRICOLA LTDA - FAZ. SAYONARA | L61: ACIONISTA | M61: 8 | N61: Sim | P61: 0 | Q61: 6C | R61: RB86-7515 | S61: 2026/2027 | T61: 2019-10-15T00:00:00 | U61: 2025-04-13T23:04:52 | V61: 14 | W61: 432 | Y61: CANA-DE-ACUCAR | Z61: A Definir | AA61: 1.5 | AB61: 2 | AC61: 2 | AD61: 2 | AI61: RENOVABIO | AT61: MECANIZADA | AW61: REFORMA PÓS COLHEITA | AY61: FRENTE-02 | AZ61: AREA FERTIRRIGADA | BD61: 15-04 | BE61: ACIONISTA | BL61: 57.5 | BM61: 50 | BN61: 93.3 | BO61: 1.15 | BP61: 81.13 | BQ61: Nanuque
A62: NDB HOLDING AGRICOLA LTDA | B62: ACIONISTA | C62: FAZ. SAYONARA - PROJETO 12 | D62: 01-PROXIMO | E62: 124006 | F62: 006 | G62: 11.77 | H62: Sim | I62: 124 - FAZ. SAYONARA - PROJETO 12 | J62: 4513 - NDB HOLDING AGRICOLA LTDA - FAZ. SAYONARA | K62: 4513 - NDB HOLDING AGRICOLA LTDA - FAZ. SAYONARA | L62: ACIONISTA | M62: 8 | N62: Sim | P62: 0 | Q62: 6C | R62: RB86-7515 | S62: 2026/2027 | T62: 2019-10-15T00:00:00 | U62: 2025-04-13T23:04:52 | V62: 14 | W62: 432 | Y62: CANA-DE-ACUCAR | Z62: A Definir | AA62: 1.5 | AB62: 2 | AC62: 2 | AD62: 2 | AI62: RENOVABIO | AT62: MECANIZADA | AW62: REFORMA PÓS COLHEITA | AY62: FRENTE-02 | AZ62: AREA FERTIRRIGADA | BD62: 15-04 | BE62: ACIONISTA | BL62: 588.5 | BM62: 50 | BN62: 954.897 | BO62: 11.77 | BP62: 81.13 | BQ62: São Mateus
A63: NDB HOLDING AGRICOLA LTDA | B63: ACIONISTA | C63: FAZ. SAYONARA - PROJETO 12 | D63: 01-PROXIMO | E63: 124007 | F63: 007 | G63: 3.56 | H63: Sim | I63: 124 - FAZ. SAYONARA - PROJETO 12 | J63: 4513 - NDB HOLDING AGRICOLA LTDA - FAZ. SAYONARA | K63: 4513 - NDB HOLDING AGRICOLA LTDA - FAZ. SAYONARA | L63: ACIONISTA | M63: 8 | N63: Sim | P63: 0 | Q63: 6C | R63: RB86-7515 | S63: 2026/2027 | T63: 2019-10-15T00:00:00 | U63: 2025-04-13T23:04:52 | V63: 14 | W63: 432 | Y63: CANA-DE-ACUCAR | Z63: A Definir | AA63: 1.5 | AB63: 2 | AC63: 2 | AD63: 2 | AI63: RENOVABIO | AT63: MECANIZADA | AW63: REFORMA PÓS COLHEITA | AY63: FRENTE-02 | AZ63: AREA FERTIRRIGADA | BD63: 15-04 | BE63: ACIONISTA | BL63: 178 | BM63: 50 | BN63: 288.815 | BO63: 3.56 | BP63: 81.13 | BQ63: Pinheiros
A64: NDB HOLDING AGRICOLA LTDA | B64: ACIONISTA | C64: FAZ. SAYONARA - PROJETO 12 | D64: 01-PROXIMO | E64: 124008 | F64: 008 | G64: 9.43 | H64: Sim | I64: 124 - FAZ. SAYONARA - PROJETO 12 | J64: 4513 - NDB HOLDING AGRICOLA LTDA - FAZ. SAYONARA | K64: 4513 - NDB HOLDING AGRICOLA LTDA - FAZ. SAYONARA | L64: ACIONISTA | M64: 6 | N64: Sim | P64: 0 | Q64: 6C | R64: RB86-7515 | S64: 2026/2027 | T64: 2019-10-15T00:00:00 | U64: 2025-04-13T23:04:51 | V64: 14 | W64: 432 | Y64: CANA-DE-ACUCAR | Z64: A Definir | AA64: 1.5 | AB64: 2 | AC64: 2 | AD64: 2 | AI64: RENOVABIO | AT64: MECANIZADA | AW64: REFORMA PÓS COLHEITA | AY64: FRENTE-02 | AZ64: AREA FERTIRRIGADA | BD64: 15-04 | BE64: ACIONISTA | BL64: 471.5 | BM64: 50 | BQ64: Boa Esperaça
A65: NDB HOLDING AGRICOLA LTDA | B65: ACIONISTA | C65: FAZ. SAYONARA - PROJETO 12 | D65: 01-PROXIMO | E65: 124009 | F65: 009 | G65: 1.79 | H65: Sim | I65: 124 - FAZ. SAYONARA - PROJETO 12 | J65: 4513 - NDB HOLDING AGRICOLA LTDA - FAZ. SAYONARA | K65: 4513 - NDB HOLDING AGRICOLA LTDA - FAZ. SAYONARA | L65: ACIONISTA | M65: 8 | N65: Sim | P65: 0 | Q65: 6C | R65: RB86-7515 | S65: 2026/2027 | T65: 2019-10-15T00:00:00 | U65: 2025-04-13T23:04:51 | V65: 14 | W65: 432 | Y65: CANA-DE-ACUCAR | Z65: A Definir | AA65: 1.5 | AB65: 2 | AC65: 2 | AD65: 2 | AI65: RENOVABIO | AT65: MECANIZADA | AW65: REFORMA PÓS COLHEITA | AY65: FRENTE-02 | AZ65: AREA FERTIRRIGADA | BD65: 15-04 | BE65: ACIONISTA | BL65: 89.5 | BM65: 50 | BN65: 145.223 | BO65: 1.79 | BP65: 81.13 | BQ65: Mucuri
A66: NDB HOLDING AGRICOLA LTDA | B66: ACIONISTA | C66: FAZ. SAYONARA - PROJETO 12 | D66: 01-PROXIMO | E66: 124010 | F66: 010 | G66: 2.41 | H66: Sim | I66: 124 - FAZ. SAYONARA - PROJETO 12 | J66: 4513 - NDB HOLDING AGRICOLA LTDA - FAZ. SAYONARA | K66: 4513 - NDB HOLDING AGRICOLA LTDA - FAZ. SAYONARA | L66: ACIONISTA | M66: 8 | N66: Sim | P66: 0 | Q66: 8C | R66: RB86-7515 | S66: 2026/2027 | T66: 2017-11-20T00:00:00 | U66: 2025-04-13T23:04:51 | V66: 14 | W66: 432 | Y66: CANA-DE-ACUCAR | Z66: A Definir | AA66: 1.5 | AB66: 2 | AC66: 2 | AD66: 2 | AI66: RENOVABIO | AT66: MECANIZADA | AW66: REFORMA PÓS COLHEITA | AY66: FRENTE-02 | AZ66: AREA FERTIRRIGADA | BD66: 15-04 | BE66: ACIONISTA | BL66: 120.5 | BM66: 50 | BN66: 195.516 | BO66: 2.41 | BP66: 81.13 | BQ66: Motanha
A67: NDB HOLDING AGRICOLA LTDA | B67: ACIONISTA | C67: FAZ. SAYONARA - PROJETO 12 | D67: 01-PROXIMO | E67: 124011 | F67: 011 | G67: 4.54 | H67: Sim | I67: 124 - FAZ. SAYONARA - PROJETO 12 | J67: 4513 - NDB HOLDING AGRICOLA LTDA - FAZ. SAYONARA | K67: 4513 - NDB HOLDING AGRICOLA LTDA - FAZ. SAYONARA | L67: ACIONISTA | M67: 8 | N67: Sim | P67: 0 | Q67: 7C | R67: RB93-7570 | S67: 2026/2027 | T67: 2017-03-05T00:00:00 | U67: 2023-09-15T00:00:00 | V67: 33 | W67: 1009 | Y67: CANA-DE-ACUCAR | Z67: A Definir | AA67: 1.5 | AB67: 2 | AC67: 2 | AD67: 2 | AG67: ABRIL | AI67: RENOVABIO | AL67: APLIC HERBICIDA PRE | AT67: MECANIZADA | AU67: REFORMA | AW67: REFORMA PÓS COLHEITA | AZ67: AREA FERTIRRIGADA | BE67: ACIONISTA | BJ67: SEQ 01 | BL67: 227 | BM67: 50 | BN67: 368.334 | BO67: 4.54 | BP67: 81.13
A68: NDB HOLDING AGRICOLA LTDA | B68: ACIONISTA | C68: FAZ. SAYONARA - PROJETO 12 | D68: 01-PROXIMO | E68: 124012 | F68: 012 | G68: 1.77 | H68: Sim | I68: 124 - FAZ. SAYONARA - PROJETO 12 | J68: 4513 - NDB HOLDING AGRICOLA LTDA - FAZ. SAYONARA | K68: 4513 - NDB HOLDING AGRICOLA LTDA - FAZ. SAYONARA | L68: ACIONISTA | M68: 6 | N68: Sim | P68: 0 | Q68: 6C | R68: RB86-7515 | S68: 2026/2027 | T68: 2019-10-15T00:00:00 | U68: 2025-04-13T23:04:51 | V68: 14 | W68: 432 | Y68: CANA-DE-ACUCAR | Z68: A Definir | AA68: 1.5 | AB68: 2 | AC68: 2 | AD68: 2 | AI68: RENOVABIO | AT68: MECANIZADA | AW68: REFORMA PÓS COLHEITA | AY68: FRENTE-02 | AZ68: AREA FERTIRRIGADA | BD68: 15-04 | BE68: ACIONISTA | BL68: 88.5 | BM68: 50
A69: NDB HOLDING AGRICOLA LTDA | B69: ACIONISTA | C69: FAZ. SAYONARA - PROJETO 12 | D69: 01-PROXIMO | E69: 124013 | F69: 013 | G69: 1.82 | H69: Sim | I69: 124 - FAZ. SAYONARA - PROJETO 12 | J69: 4513 - NDB HOLDING AGRICOLA LTDA - FAZ. SAYONARA | K69: 4513 - NDB HOLDING AGRICOLA LTDA - FAZ. SAYONARA | L69: ACIONISTA | M69: 6 | N69: Sim | P69: 0 | Q69: 6C | R69: RB86-7515 | S69: 2026/2027 | T69: 2019-10-15T00:00:00 | U69: 2025-04-13T23:04:51 | V69: 14 | W69: 432 | Y69: CANA-DE-ACUCAR | Z69: A Definir | AA69: 1.5 | AB69: 2 | AC69: 2 | AD69: 2 | AI69: RENOVABIO | AT69: MECANIZADA | AW69: REFORMA PÓS COLHEITA | AY69: FRENTE-02 | AZ69: AREA FERTIRRIGADA | BD69: 15-04 | BE69: ACIONISTA | BL69: 91 | BM69: 50
A70: NDB HOLDING AGRICOLA LTDA | B70: ACIONISTA | C70: FAZ. SAYONARA - PROJETO 12 | D70: 01-PROXIMO | E70: 124014 | F70: 014 | G70: 8.37 | H70: Sim | I70: 124 - FAZ. SAYONARA - PROJETO 12 | J70: 4513 - NDB HOLDING AGRICOLA LTDA - FAZ. SAYONARA | K70: 4513 - NDB HOLDING AGRICOLA LTDA - FAZ. SAYONARA | L70: ACIONISTA | M70: 3 | N70: Sim | P70: 0 | Q70: 1C 18M | R70: RB 075322 | S70: 2026/2027 | T70: 2026-02-18T16:48:00 | V70: 4 | W70: 122 | Y70: CANA-DE-ACUCAR | Z70: A Definir | AA70: 1.5 | AB70: 2 | AC70: 2 | AD70: 2 | AG70: ABRIL | AI70: RENOVABIO | AT70: MECANIZADA | AZ70: AREA FERTIRRIGADA | BE70: ACIONISTA | BJ70: SEQ 01
A71: NDB HOLDING AGRICOLA LTDA | B71: ACIONISTA | C71: FAZ. SAYONARA - PROJETO 13 | D71: 01-PROXIMO | E71: 132001 | F71: 001 | G71: 3 | H71: Sim | I71: 132 - FAZ. SAYONARA - PROJETO 13 | J71: 4513 - NDB HOLDING AGRICOLA LTDA - FAZ. SAYONARA | K71: 4513 - NDB HOLDING AGRICOLA LTDA - FAZ. SAYONARA | L71: ACIONISTA | M71: 4 | N71: Sim | P71: 0 | Q71: 3C | R71: VIVEIRO | S71: 2026/2027 | T71: 2023-01-01T00:00:00 | U71: 2025-03-17T00:00:00 | V71: 15 | W71: 460 | Y71: CANA-DE-ACUCAR | Z71: A Definir | AA71: 1.4 | AB71: 1 | AC71: 1 | AD71: 1 | AL71: APLIC HERBICIDA PRE | AT71: MECANIZADA | BE71: ACIONISTA | BL71: 210 | BM71: 70
A72: NDB HOLDING AGRICOLA LTDA | B72: ACIONISTA | C72: FAZ. SAYONARA - PROJETO 13 | D72: 01-PROXIMO | E72: 132002 | F72: 002 | G72: 2.9 | H72: Sim | I72: 132 - FAZ. SAYONARA - PROJETO 13 | J72: 4513 - NDB HOLDING AGRICOLA LTDA - FAZ. SAYONARA | K72: 4513 - NDB HOLDING AGRICOLA LTDA - FAZ. SAYONARA | L72: ACIONISTA | M72: 1 | N72: Sim | P72: 0 | Q72: 1C 12M | R72: VIVEIRO | S72: 2026/2027 | T72: 2023-11-23T11:32:00 | V72: 30 | W72: 940 | Y72: CANA-DE-ACUCAR | Z72: A Definir | AA72: 1.4 | AB72: 1 | AC72: 1 | AD72: 1 | AL72: APLIC HERBICIDA PRE | AT72: MECANIZADA | BE72: ACIONISTA | BL72: 198 | BM72: 90
A73: NDB HOLDING AGRICOLA LTDA | B73: ACIONISTA | C73: FAZ. SAYONARA - PROJETO 13 | D73: 01-PROXIMO | E73: 132003 | F73: 003 | G73: 3 | H73: Sim | I73: 132 - FAZ. SAYONARA - PROJETO 13 | J73: 4513 - NDB HOLDING AGRICOLA LTDA - FAZ. SAYONARA | K73: 4513 - NDB HOLDING AGRICOLA LTDA - FAZ. SAYONARA | L73: ACIONISTA | M73: 4 | N73: Sim | P73: 0 | Q73: 1C 18M | R73: VIVEIRO | S73: 2026/2027 | T73: 2025-03-20T16:48:00 | V73: 15 | W73: 457 | Y73: CANA-DE-ACUCAR | Z73: A Definir | AA73: 1.5 | AB73: 1 | AC73: 1 | AD73: 1 | AL73: APLIC HERBICIDA PRE | AT73: MECANIZADA | BE73: ACIONISTA | BL73: 315 | BM73: 105
A74: NDB HOLDING AGRICOLA LTDA | B74: ACIONISTA | C74: FAZ. SAYONARA - PROJETO 13 | D74: 01-PROXIMO | E74: 132004 | F74: 004 | G74: 0.66 | H74: Sim | I74: 132 - FAZ. SAYONARA - PROJETO 13 | J74: 4513 - NDB HOLDING AGRICOLA LTDA - FAZ. SAYONARA | K74: 4513 - NDB HOLDING AGRICOLA LTDA - FAZ. SAYONARA | L74: ACIONISTA | M74: 4 | N74: Sim | P74: 0 | Q74: 1C 12M | S74: 2026/2027 | Y74: CANA-DE-ACUCAR | Z74: A Definir | AA74: 1.4 | AB74: 1 | AC74: 1 | AD74: 1 | AL74: APLIC HERBICIDA PRE | AT74: MECANIZADA | BE74: ACIONISTA
A75: NDB HOLDING AGRICOLA LTDA | B75: ACIONISTA | C75: FAZ. SAYONARA - PROJETO 13 | D75: 01-PROXIMO | E75: 132008 | F75: 008 | G75: 4 | H75: Sim | I75: 132 - FAZ. SAYONARA - PROJETO 13 | J75: 4513 - NDB HOLDING AGRICOLA LTDA - FAZ. SAYONARA | K75: 4513 - NDB HOLDING AGRICOLA LTDA - FAZ. SAYONARA | L75: ACIONISTA | M75: 4 | N75: Sim | P75: 0 | Q75: 1C 12M | S75: 2026/2027 | Y75: CANA-DE-ACUCAR | Z75: A Definir | AA75: 1.5 | AB75: 1 | AC75: 1 | AD75: 1 | AL75: APLIC HERBICIDA PRE | AT75: MECANIZADA | BE75: ACIONISTA
A76: NDB HOLDING AGRICOLA LTDA | B76: ACIONISTA | C76: FAZ. SAYONARA - PROJETO 15 | D76: 01-PROXIMO | E76: 159 | F76: 700 - SILVICULTURA | G76: 3.61 | H76: Sim | I76: 159 - FAZ. SAYONARA - PROJETO 15 | J76: 4513 - NDB HOLDING AGRICOLA LTDA - FAZ. SAYONARA | K76: 4513 - NDB HOLDING AGRICOLA LTDA - FAZ. SAYONARA | L76: ACIONISTA | M76: 1 | N76: Sim | P76: 0 | S76: 2026/2027 | Y76: EUCALIPTO | Z76: A Definir | AA76: 2.5 | AL76: APLIC HERBICIDA PRE | AT76: MECANIZADA
A77: NDB HOLDING AGRICOLA LTDA | B77: ACIONISTA | C77: FAZ. SAYONARA - PROJETO 15 | D77: 01-PROXIMO | E77: 159001 | F77: 001 | G77: 7.35 | H77: Sim | I77: 159 - FAZ. SAYONARA - PROJETO 15 | J77: 4513 - NDB HOLDING AGRICOLA LTDA - FAZ. SAYONARA | K77: 4513 - NDB HOLDING AGRICOLA LTDA - FAZ. SAYONARA | L77: ACIONISTA | M77: 6 | N77: Sim | P77: 0 | Q77: 6C | R77: RB86-7515 | S77: 2026/2027 | T77: 2020-09-10T00:00:00 | U77: 2026-01-02T10:33:00 | V77: 5 | W77: 169 | Y77: CANA-DE-ACUCAR | Z77: A Definir | AA77: 1.5 | AB77: 3 | AC77: 3 | AD77: 3 | AL77: APLIC HERBICIDA PRE | AT77: MECANIZADA | AU77: REFORMA | AZ77: AREA FERTIRRIGADA | BE77: ACIONISTA | BL77: 367.5 | BM77: 50
A78: NDB HOLDING AGRICOLA LTDA | B78: ACIONISTA | C78: FAZ. SAYONARA - PROJETO 15 | D78: 01-PROXIMO | E78: 159002 | F78: 002 | G78: 6.72 | H78: Sim | I78: 159 - FAZ. SAYONARA - PROJETO 15 | J78: 4513 - NDB HOLDING AGRICOLA LTDA - FAZ. SAYONARA | K78: 4513 - NDB HOLDING AGRICOLA LTDA - FAZ. SAYONARA | L78: ACIONISTA | M78: 6 | N78: Sim | P78: 0 | Q78: 6C | R78: RB86-7515 | S78: 2026/2027 | T78: 2020-09-10T00:00:00 | U78: 2026-01-02T10:33:00 | V78: 5 | W78: 169 | Y78: CANA-DE-ACUCAR | Z78: A Definir | AA78: 1.5 | AB78: 3 | AC78: 3 | AD78: 3 | AL78: APLIC HERBICIDA PRE | AT78: MECANIZADA | AU78: REFORMA | AZ78: AREA FERTIRRIGADA | BE78: ACIONISTA | BL78: 336 | BM78: 50
A79: NDB HOLDING AGRICOLA LTDA | B79: ACIONISTA | C79: FAZ. SAYONARA - PROJETO 15 | D79: 01-PROXIMO | E79: 159003 | F79: 003 | G79: 1.2 | H79: Sim | I79: 159 - FAZ. SAYONARA - PROJETO 15 | J79: 4513 - NDB HOLDING AGRICOLA LTDA - FAZ. SAYONARA | K79: 4513 - NDB HOLDING AGRICOLA LTDA - FAZ. SAYONARA | L79: ACIONISTA | M79: 4 | N79: Sim | P79: 0 | Q79: 1C 12M | R79: RB16-8058 | S79: 2026/2027 | T79: 2025-10-09T14:13:00 | V79: 8 | W79: 254 | Y79: CANA-DE-ACUCAR | Z79: A Definir | AA79: 1.5 | AB79: 3 | AC79: 3 | AD79: 3 | AL79: APLIC HERBICIDA PRE | AT79: MECANIZADA | AU79: REFORMA | AZ79: AREA FERTIRRIGADA | BE79: ACIONISTA
A80: NDB HOLDING AGRICOLA LTDA | B80: ACIONISTA | C80: FAZ. SAYONARA - PROJETO 15 | D80: 01-PROXIMO | E80: 159004 | F80: 004 | G80: 1.2 | H80: Sim | I80: 159 - FAZ. SAYONARA - PROJETO 15 | J80: 4513 - NDB HOLDING AGRICOLA LTDA - FAZ. SAYONARA | K80: 4513 - NDB HOLDING AGRICOLA LTDA - FAZ. SAYONARA | L80: ACIONISTA | M80: 5 | N80: Sim | P80: 0 | Q80: 1C 12M | R80: RB16-8058 | S80: 2026/2027 | T80: 2025-10-09T14:13:00 | V80: 8 | W80: 254 | Y80: CANA-DE-ACUCAR | Z80: A Definir | AA80: 1.5 | AB80: 3 | AC80: 3 | AD80: 3 | AL80: APLIC HERBICIDA PRE | AT80: MECANIZADA | AU80: REFORMA | AZ80: AREA FERTIRRIGADA | BE80: ACIONISTA
A81: NDB HOLDING AGRICOLA LTDA | B81: ACIONISTA | C81: FAZ. SAYONARA - PROJETO 15 | D81: 01-PROXIMO | E81: 159005 | F81: 005 | G81: 3.42 | H81: Sim | I81: 159 - FAZ. SAYONARA - PROJETO 15 | J81: 4513 - NDB HOLDING AGRICOLA LTDA - FAZ. SAYONARA | K81: 4513 - NDB HOLDING AGRICOLA LTDA - FAZ. SAYONARA | L81: ACIONISTA | M81: 5 | N81: Sim | P81: 0 | Q81: 1C 12M | R81: RB16-8058 | S81: 2026/2027 | T81: 2025-10-09T14:13:00 | V81: 8 | W81: 254 | Y81: CANA-DE-ACUCAR | Z81: A Definir | AA81: 1.5 | AB81: 3 | AC81: 3 | AD81: 3 | AL81: APLIC HERBICIDA PRE | AT81: MECANIZADA | AU81: REFORMA | AZ81: AREA FERTIRRIGADA | BE81: ACIONISTA
A82: NDB HOLDING AGRICOLA LTDA | B82: ACIONISTA | C82: FAZ. SAYONARA - PROJETO 15 | D82: 01-PROXIMO | E82: 159006 | F82: 006 | G82: 2.67 | H82: Sim | I82: 159 - FAZ. SAYONARA - PROJETO 15 | J82: 4513 - NDB HOLDING AGRICOLA LTDA - FAZ. SAYONARA | K82: 4513 - NDB HOLDING AGRICOLA LTDA - FAZ. SAYONARA | L82: ACIONISTA | M82: 8 | N82: Sim | P82: 0 | Q82: 6C | R82: RB86-7515 | S82: 2026/2027 | T82: 2020-09-10T00:00:00 | U82: 2024-09-13T17:59:48 | V82: 21 | W82: 645 | Y82: CANA-DE-ACUCAR | Z82: A Definir | AA82: 1.5 | AB82: 3 | AC82: 3 | AD82: 3 | AJ82: BISADA | AL82: APLIC HERBICIDA PRE | AT82: MECANIZADA | AU82: REFORMA | AY82: FRENTE-02 | AZ82: AREA FERTIRRIGADA | BD82: 25-02 | BE82: ACIONISTA | BL82: 133.5 | BM82: 50 | BN82: 233.887 | BO82: 2.67 | BP82: 87.6 | BQ82: Conceição da Barra
A83: NDB HOLDING AGRICOLA LTDA | B83: ACIONISTA | C83: FAZ. SAYONARA - PROJETO 15 | D83: 01-PROXIMO | E83: 159007 | F83: 007 | G83: 2.24 | H83: Sim | I83: 159 - FAZ. SAYONARA - PROJETO 15 | J83: 4513 - NDB HOLDING AGRICOLA LTDA - FAZ. SAYONARA | K83: 4513 - NDB HOLDING AGRICOLA LTDA - FAZ. SAYONARA | L83: ACIONISTA | M83: 8 | N83: Sim | P83: 0 | Q83: 5C | R83: RB86-7515 | S83: 2026/2027 | T83: 2020-09-10T00:00:00 | U83: 2025-01-03T06:55:10 | V83: 17 | W83: 533 | Y83: CANA-DE-ACUCAR | Z83: A Definir | AA83: 1.5 | AB83: 3 | AC83: 3 | AD83: 3 | AJ83: BISADA | AL83: APLIC HERBICIDA PRE | AT83: MECANIZADA | AU83: REFORMA | AY83: FRENTE-02 | AZ83: AREA FERTIRRIGADA | BD83: 25-02 | BE83: ACIONISTA | BL83: 123.2 | BM83: 55 | BN83: 215.841 | BO83: 2.24 | BP83: 96.36 | BQ83: Braço do Rio
A84: NDB HOLDING AGRICOLA LTDA | B84: ACIONISTA | C84: FAZ. SAYONARA - PROJETO 15 | D84: 01-PROXIMO | E84: 159008 | F84: 008 | G84: 4.84 | H84: Sim | I84: 159 - FAZ. SAYONARA - PROJETO 15 | J84: 4513 - NDB HOLDING AGRICOLA LTDA - FAZ. SAYONARA | K84: 4513 - NDB HOLDING AGRICOLA LTDA - FAZ. SAYONARA | L84: ACIONISTA | M84: 8 | N84: Sim | P84: 0 | Q84: 5C | R84: RB86-7515 | S84: 2026/2027 | T84: 2020-09-10T00:00:00 | U84: 2025-01-03T06:55:10 | V84: 17 | W84: 533 | Y84: CANA-DE-ACUCAR | Z84: A Definir | AA84: 1.5 | AB84: 3 | AC84: 3 | AD84: 3 | AJ84: BISADA | AL84: APLIC HERBICIDA PRE | AT84: MECANIZADA | AU84: REFORMA | AY84: FRENTE-02 | AZ84: AREA FERTIRRIGADA | BD84: 25-02 | BE84: ACIONISTA | BL84: 266.2 | BM84: 55 | BN84: 466.381 | BO84: 4.84 | BP84: 96.36 | BQ84: Pedro Canario
A85: NDB HOLDING AGRICOLA LTDA | B85: ACIONISTA | C85: FAZ. SAYONARA - PROJETO 15 | D85: 01-PROXIMO | E85: 159009 | F85: 009 | G85: 11.46 | H85: Sim | I85: 159 - FAZ. SAYONARA - PROJETO 15 | J85: 4513 - NDB HOLDING AGRICOLA LTDA - FAZ. SAYONARA | K85: 4513 - NDB HOLDING AGRICOLA LTDA - FAZ. SAYONARA | L85: ACIONISTA | M85: 4 | N85: Sim | P85: 0 | Q85: 6C | R85: RB86-7515 | S85: 2026/2027 | T85: 2020-09-10T00:00:00 | U85: 2026-01-02T10:33:00 | V85: 5 | W85: 169 | Y85: CANA-DE-ACUCAR | Z85: A Definir | AA85: 1.5 | AB85: 3 | AC85: 3 | AD85: 3 | AL85: APLIC HERBICIDA PRE | AT85: MECANIZADA | AU85: REFORMA | AZ85: AREA FERTIRRIGADA | BE85: ACIONISTA | BL85: 573 | BM85: 50 | BQ85: Nanuque
A86: NDB HOLDING AGRICOLA LTDA | B86: ACIONISTA | C86: FAZ. SAYONARA - PROJETO 15 | D86: 01-PROXIMO | E86: 159010 | F86: 010 | G86: 3 | H86: Sim | I86: 159 - FAZ. SAYONARA - PROJETO 15 | J86: 4513 - NDB HOLDING AGRICOLA LTDA - FAZ. SAYONARA | K86: 4513 - NDB HOLDING AGRICOLA LTDA - FAZ. SAYONARA | L86: ACIONISTA | M86: 8 | N86: Sim | P86: 0 | Q86: 5C | R86: RB86-7515 | S86: 2026/2027 | T86: 2020-09-10T00:00:00 | U86: 2025-01-03T06:55:10 | V86: 17 | W86: 533 | Y86: CANA-DE-ACUCAR | Z86: A Definir | AA86: 1.4 | AB86: 3 | AC86: 3 | AD86: 3 | AJ86: BISADA | AL86: APLIC HERBICIDA PRE | AT86: MECANIZADA | AU86: REFORMA | AY86: FRENTE-02 | AZ86: AREA FERTIRRIGADA | BD86: 25-02 | BE86: ACIONISTA | BL86: 165 | BM86: 55 | BN86: 289.077 | BO86: 3 | BP86: 96.36 | BQ86: São Mateus
A87: NDB HOLDING AGRICOLA LTDA | B87: ACIONISTA | C87: FAZ. SAYONARA - PROJETO 15 | D87: 01-PROXIMO | E87: 159011 | F87: 011 | G87: 1.48 | H87: Sim | I87: 159 - FAZ. SAYONARA - PROJETO 15 | J87: 4513 - NDB HOLDING AGRICOLA LTDA - FAZ. SAYONARA | K87: 4513 - NDB HOLDING AGRICOLA LTDA - FAZ. SAYONARA | L87: ACIONISTA | M87: 8 | N87: Sim | P87: 0 | Q87: 5C | R87: RB86-7515 | S87: 2026/2027 | T87: 2020-09-10T00:00:00 | U87: 2025-01-03T06:55:10 | V87: 17 | W87: 533 | Y87: CANA-DE-ACUCAR | Z87: A Definir | AA87: 1.5 | AB87: 3 | AC87: 3 | AD87: 3 | AJ87: BISADA | AL87: APLIC HERBICIDA PRE | AT87: MECANIZADA | AU87: REFORMA | AY87: FRENTE-02 | AZ87: AREA FERTIRRIGADA | BD87: 25-02 | BE87: ACIONISTA | BL87: 81.4 | BM87: 55 | BN87: 142.61 | BO87: 1.48 | BP87: 96.36 | BQ87: Pinheiros
A88: NDB HOLDING AGRICOLA LTDA | B88: ACIONISTA | C88: FAZ. SAYONARA - PROJETO 15 | D88: 01-PROXIMO | E88: 159012 | F88: 012 | G88: 1.26 | H88: Sim | I88: 159 - FAZ. SAYONARA - PROJETO 15 | J88: 4513 - NDB HOLDING AGRICOLA LTDA - FAZ. SAYONARA | K88: 4513 - NDB HOLDING AGRICOLA LTDA - FAZ. SAYONARA | L88: ACIONISTA | M88: 8 | N88: Sim | P88: 0 | Q88: 5C | R88: RB86-7515 | S88: 2026/2027 | T88: 2020-09-10T00:00:00 | U88: 2025-01-03T06:55:11 | V88: 17 | W88: 533 | Y88: CANA-DE-ACUCAR | Z88: A Definir | AA88: 1.5 | AB88: 3 | AC88: 3 | AD88: 3 | AJ88: BISADA | AL88: APLIC HERBICIDA PRE | AT88: MECANIZADA | AU88: REFORMA | AY88: FRENTE-02 | AZ88: AREA FERTIRRIGADA | BD88: 25-02 | BE88: ACIONISTA | BL88: 69.3 | BM88: 55 | BN88: 121.412 | BO88: 1.26 | BP88: 96.36 | BQ88: Boa Esperaça
A89: NDB HOLDING AGRICOLA LTDA | B89: ACIONISTA | C89: FAZ. SAYONARA - PROJETO 15 | D89: 01-PROXIMO | E89: 159013 | F89: 013 | G89: 0.82 | H89: Sim | I89: 159 - FAZ. SAYONARA - PROJETO 15 | J89: 4513 - NDB HOLDING AGRICOLA LTDA - FAZ. SAYONARA | K89: 4513 - NDB HOLDING AGRICOLA LTDA - FAZ. SAYONARA | L89: ACIONISTA | M89: 8 | N89: Sim | P89: 0 | Q89: 5C | R89: RB86-7515 | S89: 2026/2027 | T89: 2020-09-10T00:00:00 | U89: 2025-01-03T06:55:11 | V89: 17 | W89: 533 | Y89: CANA-DE-ACUCAR | Z89: A Definir | AA89: 1.5 | AB89: 3 | AC89: 3 | AD89: 3 | AJ89: BISADA | AL89: APLIC HERBICIDA PRE | AT89: MECANIZADA | AU89: REFORMA | AY89: FRENTE-02 | AZ89: AREA FERTIRRIGADA | BD89: 25-02 | BE89: ACIONISTA | BL89: 45.1 | BM89: 55 | BN89: 79.013 | BO89: 0.82 | BP89: 96.36 | BQ89: Mucuri
A90: NDB HOLDING AGRICOLA LTDA | B90: ACIONISTA | C90: FAZ. SAYONARA - PROJETO 15 | D90: 01-PROXIMO | E90: 159014 | F90: 014 | G90: 1.95 | H90: Sim | I90: 159 - FAZ. SAYONARA - PROJETO 15 | J90: 4513 - NDB HOLDING AGRICOLA LTDA - FAZ. SAYONARA | K90: 4513 - NDB HOLDING AGRICOLA LTDA - FAZ. SAYONARA | L90: ACIONISTA | M90: 8 | N90: Sim | P90: 0 | Q90: 5C | R90: RB86-7515 | S90: 2026/2027 | T90: 2020-09-10T00:00:00 | U90: 2025-01-03T06:55:11 | V90: 17 | W90: 533 | Y90: CANA-DE-ACUCAR | Z90: A Definir | AA90: 1.4 | AB90: 3 | AC90: 3 | AD90: 3 | AJ90: BISADA | AL90: APLIC HERBICIDA PRE | AT90: MECANIZADA | AU90: REFORMA | AY90: FRENTE-02 | AZ90: AREA FERTIRRIGADA | BD90: 25-02 | BE90: ACIONISTA | BL90: 107.25 | BM90: 55 | BN90: 187.903 | BO90: 1.95 | BP90: 96.36 | BQ90: Motanha
A91: NDB HOLDING AGRICOLA LTDA | B91: ACIONISTA | C91: FAZ. SAYONARA - PROJETO 15 | D91: 01-PROXIMO | E91: 159015 | F91: 015 | G91: 2.16 | H91: Sim | I91: 159 - FAZ. SAYONARA - PROJETO 15 | J91: 4513 - NDB HOLDING AGRICOLA LTDA - FAZ. SAYONARA | K91: 4513 - NDB HOLDING AGRICOLA LTDA - FAZ. SAYONARA | L91: ACIONISTA | M91: 8 | N91: Sim | P91: 0 | Q91: 5C | R91: RB86-7515 | S91: 2026/2027 | T91: 2020-09-10T00:00:00 | U91: 2025-01-03T06:55:11 | V91: 17 | W91: 533 | Y91: CANA-DE-ACUCAR | Z91: A Definir | AA91: 1.5 | AB91: 3 | AC91: 3 | AD91: 3 | AJ91: BISADA | AL91: APLIC HERBICIDA PRE | AT91: MECANIZADA | AU91: REFORMA | AY91: FRENTE-02 | AZ91: AREA FERTIRRIGADA | BD91: 25-02 | BE91: ACIONISTA | BL91: 118.8 | BM91: 55 | BN91: 208.133 | BO91: 2.16 | BP91: 96.36 | BQ91: Conceição da Barra
A92: NDB HOLDING AGRICOLA LTDA | B92: ACIONISTA | C92: FAZ. SAYONARA - PROJETO 15 | D92: 01-PROXIMO | E92: 159016 | F92: 016 | G92: 2.4 | H92: Sim | I92: 159 - FAZ. SAYONARA - PROJETO 15 | J92: 4513 - NDB HOLDING AGRICOLA LTDA - FAZ. SAYONARA | K92: 4513 - NDB HOLDING AGRICOLA LTDA - FAZ. SAYONARA | L92: ACIONISTA | M92: 8 | N92: Sim | P92: 0 | Q92: 5C | R92: RB86-7515 | S92: 2026/2027 | T92: 2020-09-10T00:00:00 | U92: 2025-01-03T06:55:11 | V92: 17 | W92: 533 | Y92: CANA-DE-ACUCAR | Z92: A Definir | AA92: 1.5 | AB92: 3 | AC92: 3 | AD92: 3 | AJ92: BISADA | AL92: APLIC HERBICIDA PRE | AT92: MECANIZADA | AU92: REFORMA | AY92: FRENTE-02 | AZ92: AREA FERTIRRIGADA | BD92: 25-02 | BE92: ACIONISTA | BL92: 132 | BM92: 55 | BN92: 231.261 | BO92: 2.4 | BP92: 96.36 | BQ92: Braço do Rio
A93: NDB HOLDING AGRICOLA LTDA | B93: ACIONISTA | C93: FAZ. SAYONARA - PROJETO 15 | D93: 01-PROXIMO | E93: 159017 | F93: 017 | G93: 1.94 | H93: Sim | I93: 159 - FAZ. SAYONARA - PROJETO 15 | J93: 4513 - NDB HOLDING AGRICOLA LTDA - FAZ. SAYONARA | K93: 4513 - NDB HOLDING AGRICOLA LTDA - FAZ. SAYONARA | L93: ACIONISTA | M93: 8 | N93: Sim | P93: 0 | Q93: 5C | R93: RB86-7515 | S93: 2026/2027 | T93: 2020-09-10T00:00:00 | U93: 2025-01-03T06:55:11 | V93: 17 | W93: 533 | Y93: CANA-DE-ACUCAR | Z93: A Definir | AA93: 1.5 | AB93: 3 | AC93: 3 | AD93: 3 | AJ93: BISADA | AL93: APLIC HERBICIDA PRE | AT93: MECANIZADA | AU93: REFORMA | AY93: FRENTE-02 | AZ93: AREA FERTIRRIGADA | BD93: 25-02 | BE93: ACIONISTA | BL93: 106.7 | BM93: 55 | BN93: 186.932 | BO93: 1.94 | BP93: 96.36 | BQ93: Pedro Canario
A94: NDB HOLDING AGRICOLA LTDA | B94: ACIONISTA | C94: FAZ. HORIZONTE II | D94: 06-HORIZONTE | E94: 1660001 | F94: 001 | G94: 2.99 | H94: Sim | I94: 1660 - FAZ. HORIZONTE II | J94: 4525 - NDB HOLDING AGRICOLA LTDA - FAZ. HORIZONTE | K94: 4525 - NDB HOLDING AGRICOLA LTDA - FAZ. HORIZONTE | L94: ACIONISTA | M94: 4 | N94: Sim | P94: 0 | Q94: 4C | R94: RB93-7570 | S94: 2026/2027 | T94: 2021-03-20T00:00:00 | U94: 2025-07-28T14:07:00 | V94: 10 | W94: 327 | Y94: CANA-DE-ACUCAR | Z94: A Definir | AA94: 1.5 | AB94: 14 | AC94: 14 | AD94: 14 | AL94: APLIC HERBICIDA PRE | AT94: MECANIZADA | AY94: FRENTE-01 | BD94: 25-05 | BE94: ACIONISTA | BL94: 179.4 | BM94: 60 | BQ94: Nanuque
A95: NDB HOLDING AGRICOLA LTDA | B95: ACIONISTA | C95: FAZ. HORIZONTE II | D95: 06-HORIZONTE | E95: 1660002 | F95: 002 | G95: 2.85 | H95: Sim | I95: 1660 - FAZ. HORIZONTE II | J95: 4525 - NDB HOLDING AGRICOLA LTDA - FAZ. HORIZONTE | K95: 4525 - NDB HOLDING AGRICOLA LTDA - FAZ. HORIZONTE | L95: ACIONISTA | M95: 4 | N95: Sim | P95: 0 | Q95: 5C | R95: RB93-7570 | S95: 2026/2027 | T95: 2021-03-20T00:00:00 | U95: 2025-07-28T14:07:00 | V95: 10 | W95: 327 | Y95: CANA-DE-ACUCAR | Z95: A Definir | AA95: 1.5 | AB95: 14 | AC95: 14 | AD95: 14 | AL95: APLIC HERBICIDA PRE | AT95: MECANIZADA | AY95: FRENTE-01 | BD95: 25-05 | BE95: ACIONISTA | BL95: 156.75 | BM95: 55 | BQ95: São Mateus
A96: NDB HOLDING AGRICOLA LTDA | B96: ACIONISTA | C96: FAZ. HORIZONTE II | D96: 06-HORIZONTE | E96: 1660003 | F96: 003 | G96: 14.48 | H96: Sim | I96: 1660 - FAZ. HORIZONTE II | J96: 4525 - NDB HOLDING AGRICOLA LTDA - FAZ. HORIZONTE | K96: 4525 - NDB HOLDING AGRICOLA LTDA - FAZ. HORIZONTE | L96: ACIONISTA | M96: 4 | N96: Sim | P96: 0 | Q96: 5C | R96: RB93-7570 | S96: 2026/2027 | T96: 2021-03-20T00:00:00 | U96: 2025-07-28T14:07:00 | V96: 10 | W96: 327 | Y96: CANA-DE-ACUCAR | Z96: A Definir | AA96: 1.5 | AB96: 14 | AC96: 14 | AD96: 14 | AL96: APLIC HERBICIDA PRE | AT96: MECANIZADA | AY96: FRENTE-01 | BD96: 25-05 | BE96: ACIONISTA | BL96: 796.4 | BM96: 55 | BQ96: Pinheiros
A97: NDB HOLDING AGRICOLA LTDA | B97: ACIONISTA | C97: FAZ. HORIZONTE II | D97: 06-HORIZONTE | E97: 1660004 | F97: 004 | G97: 17.24 | H97: Sim | I97: 1660 - FAZ. HORIZONTE II | J97: 4525 - NDB HOLDING AGRICOLA LTDA - FAZ. HORIZONTE | K97: 4525 - NDB HOLDING AGRICOLA LTDA - FAZ. HORIZONTE | L97: ACIONISTA | M97: 4 | N97: Sim | P97: 0 | Q97: 5C | R97: RB93-7570 | S97: 2026/2027 | T97: 2021-03-20T00:00:00 | U97: 2025-07-28T14:07:00 | V97: 10 | W97: 327 | Y97: CANA-DE-ACUCAR | Z97: A Definir | AA97: 1.5 | AB97: 14 | AC97: 14 | AD97: 14 | AL97: APLIC HERBICIDA PRE | AT97: MECANIZADA | AY97: FRENTE-01 | BD97: 25-05 | BE97: ACIONISTA | BL97: 948.2 | BM97: 55 | BQ97: Boa Esperaça
A98: NDB HOLDING AGRICOLA LTDA | B98: ACIONISTA | C98: FAZ. HORIZONTE II | D98: 06-HORIZONTE | E98: 1660005 | F98: 005 | G98: 23.55 | H98: Sim | I98: 1660 - FAZ. HORIZONTE II | J98: 4525 - NDB HOLDING AGRICOLA LTDA - FAZ. HORIZONTE | K98: 4525 - NDB HOLDING AGRICOLA LTDA - FAZ. HORIZONTE | L98: ACIONISTA | M98: 4 | N98: Sim | P98: 0 | Q98: 5C | R98: RB93-7570 | S98: 2026/2027 | T98: 2021-03-20T00:00:00 | U98: 2025-07-28T14:07:00 | V98: 10 | W98: 327 | Y98: CANA-DE-ACUCAR | Z98: A Definir | AA98: 1.5 | AB98: 14 | AC98: 14 | AD98: 14 | AL98: APLIC HERBICIDA PRE | AT98: MECANIZADA | AY98: FRENTE-01 | BD98: 25-05 | BE98: ACIONISTA | BL98: 1295.25 | BM98: 55 | BQ98: Mucuri
A99: NDB HOLDING AGRICOLA LTDA | B99: ACIONISTA | C99: FAZ. HORIZONTE II | D99: 06-HORIZONTE | E99: 1660006 | F99: 006 | G99: 10.44 | H99: Sim | I99: 1660 - FAZ. HORIZONTE II | J99: 4525 - NDB HOLDING AGRICOLA LTDA - FAZ. HORIZONTE | K99: 4525 - NDB HOLDING AGRICOLA LTDA - FAZ. HORIZONTE | L99: ACIONISTA | M99: 4 | N99: Sim | P99: 0 | Q99: 5C | R99: RB93-7570 | S99: 2026/2027 | T99: 2021-03-20T00:00:00 | U99: 2025-07-28T14:07:00 | V99: 10 | W99: 327 | Y99: CANA-DE-ACUCAR | Z99: A Definir | AA99: 1.5 | AB99: 14 | AC99: 14 | AD99: 14 | AL99: APLIC HERBICIDA PRE | AT99: MECANIZADA | AY99: FRENTE-01 | BD99: 25-05 | BE99: ACIONISTA | BL99: 574.2 | BM99: 55 | BQ99: Motanha
A100: NDB HOLDING AGRICOLA LTDA | B100: ACIONISTA | C100: FAZ. HORIZONTE II | D100: 06-HORIZONTE | E100: 1660007 | F100: 007 | G100: 3.84 | H100: Sim | I100: 1660 - FAZ. HORIZONTE II | J100: 4525 - NDB HOLDING AGRICOLA LTDA - FAZ. HORIZONTE | K100: 4525 - NDB HOLDING AGRICOLA LTDA - FAZ. HORIZONTE | L100: ACIONISTA | M100: 4 | N100: Sim | P100: 0 | Q100: 5C | R100: RB96-6928 | S100: 2026/2027 | T100: 2021-03-20T00:00:00 | U100: 2025-07-28T14:07:00 | V100: 10 | W100: 327 | Y100: CANA-DE-ACUCAR | Z100: A Definir | AA100: 1.5 | AB100: 14 | AC100: 14 | AD100: 14 | AL100: APLIC HERBICIDA PRE | AT100: MECANIZADA | AY100: FRENTE-01 | BD100: 25-05 | BE100: ACIONISTA | BL100: 211.2 | BM100: 55
A101: NDB HOLDING AGRICOLA LTDA | B101: ACIONISTA | C101: FAZ. HORIZONTE II | D101: 06-HORIZONTE | E101: 1660008 | F101: 008 | G101: 9.29 | H101: Sim | I101: 1660 - FAZ. HORIZONTE II | J101: 4525 - NDB HOLDING AGRICOLA LTDA - FAZ. HORIZONTE | K101: 4525 - NDB HOLDING AGRICOLA LTDA - FAZ. HORIZONTE | L101: ACIONISTA | M101: 4 | N101: Sim | P101: 0 | Q101: 5C | R101: RB93-7570 | S101: 2026/2027 | T101: 2021-03-20T00:00:00 | U101: 2025-07-28T14:07:00 | V101: 10 | W101: 327 | Y101: CANA-DE-ACUCAR | Z101: A Definir | AA101: 1.5 | AB101: 14 | AC101: 14 | AD101: 14 | AL101: APLIC HERBICIDA PRE | AT101: MECANIZADA | AY101: FRENTE-01 | BD101: 25-05 | BE101: ACIONISTA | BL101: 510.95 | BM101: 55
A102: NDB HOLDING AGRICOLA LTDA | B102: ACIONISTA | C102: FAZ. HORIZONTE II | D102: 06-HORIZONTE | E102: 1660009 | F102: 009 | G102: 11.32 | H102: Sim | I102: 1660 - FAZ. HORIZONTE II | J102: 4525 - NDB HOLDING AGRICOLA LTDA - FAZ. HORIZONTE | K102: 4525 - NDB HOLDING AGRICOLA LTDA - FAZ. HORIZONTE | L102: ACIONISTA | M102: 4 | N102: Sim | P102: 0 | Q102: 5C | R102: RB93-7570 | S102: 2026/2027 | T102: 2021-03-20T00:00:00 | U102: 2025-07-28T14:07:00 | V102: 10 | W102: 327 | Y102: CANA-DE-ACUCAR | Z102: A Definir | AA102: 1.5 | AB102: 14 | AC102: 14 | AD102: 14 | AL102: APLIC HERBICIDA PRE | AT102: MECANIZADA | AY102: FRENTE-01 | BD102: 25-05 | BE102: ACIONISTA | BL102: 622.6 | BM102: 55
A103: NDB HOLDING AGRICOLA LTDA | B103: ACIONISTA | C103: FAZ. HORIZONTE II | D103: 06-HORIZONTE | E103: 1660010 | F103: 010 | G103: 12.12 | H103: Sim | I103: 1660 - FAZ. HORIZONTE II | J103: 4525 - NDB HOLDING AGRICOLA LTDA - FAZ. HORIZONTE | K103: 4525 - NDB HOLDING AGRICOLA LTDA - FAZ. HORIZONTE | L103: ACIONISTA | M103: 4 | N103: Sim | P103: 0 | Q103: 5C | R103: RB96-6928 | S103: 2026/2027 | T103: 2021-03-20T00:00:00 | U103: 2025-07-28T14:07:00 | V103: 10 | W103: 327 | Y103: CANA-DE-ACUCAR | Z103: A Definir | AA103: 1.5 | AB103: 14 | AC103: 14 | AD103: 14 | AL103: APLIC HERBICIDA PRE | AT103: MECANIZADA | AY103: FRENTE-01 | BD103: 25-05 | BE103: ACIONISTA | BL103: 666.6 | BM103: 55
A104: NDB HOLDING AGRICOLA LTDA | B104: ACIONISTA | C104: FAZ. HORIZONTE II | D104: 06-HORIZONTE | E104: 1660011 | F104: 011 | G104: 13.62 | H104: Sim | I104: 1660 - FAZ. HORIZONTE II | J104: 4525 - NDB HOLDING AGRICOLA LTDA - FAZ. HORIZONTE | K104: 4525 - NDB HOLDING AGRICOLA LTDA - FAZ. HORIZONTE | L104: ACIONISTA | M104: 4 | N104: Sim | P104: 0 | Q104: 5C | R104: RB01-1443 | S104: 2026/2027 | T104: 2021-03-20T00:00:00 | U104: 2025-07-28T14:07:00 | V104: 10 | W104: 327 | Y104: CANA-DE-ACUCAR | Z104: A Definir | AA104: 1.5 | AB104: 14 | AC104: 14 | AD104: 14 | AL104: APLIC HERBICIDA PRE | AT104: MECANIZADA | AY104: FRENTE-01 | BD104: 25-05 | BE104: ACIONISTA | BL104: 749.1 | BM104: 55
A105: NDB HOLDING AGRICOLA LTDA | B105: ACIONISTA | C105: FAZ. HORIZONTE II | D105: 06-HORIZONTE | E105: 1660012 | F105: 012 | G105: 24 | H105: Sim | I105: 1660 - FAZ. HORIZONTE II | J105: 4525 - NDB HOLDING AGRICOLA LTDA - FAZ. HORIZONTE | K105: 4525 - NDB HOLDING AGRICOLA LTDA - FAZ. HORIZONTE | L105: ACIONISTA | M105: 4 | N105: Sim | P105: 0 | Q105: 5C | R105: RB96-6928 | S105: 2026/2027 | T105: 2021-03-20T00:00:00 | U105: 2025-07-28T14:07:00 | V105: 10 | W105: 327 | Y105: CANA-DE-ACUCAR | Z105: A Definir | AA105: 1.5 | AB105: 14 | AC105: 14 | AD105: 14 | AL105: APLIC HERBICIDA PRE | AT105: MECANIZADA | AY105: FRENTE-01 | BD105: 25-05 | BE105: ACIONISTA | BL105: 1320 | BM105: 55
A106: NDB HOLDING AGRICOLA LTDA | B106: ACIONISTA | C106: FAZ. HORIZONTE II | D106: 06-HORIZONTE | E106: 1660013 | F106: 013 | G106: 20.82 | H106: Sim | I106: 1660 - FAZ. HORIZONTE II | J106: 4525 - NDB HOLDING AGRICOLA LTDA - FAZ. HORIZONTE | K106: 4525 - NDB HOLDING AGRICOLA LTDA - FAZ. HORIZONTE | L106: ACIONISTA | M106: 4 | N106: Sim | P106: 0 | Q106: 5C | R106: RB96-6928 | S106: 2026/2027 | T106: 2021-03-20T00:00:00 | U106: 2025-07-28T14:07:00 | V106: 10 | W106: 327 | Y106: CANA-DE-ACUCAR | Z106: A Definir | AA106: 1.5 | AB106: 14 | AC106: 14 | AD106: 14 | AL106: APLIC HERBICIDA PRE | AT106: MECANIZADA | AY106: FRENTE-01 | BD106: 25-05 | BE106: ACIONISTA | BL106: 1145.1 | BM106: 55
...

Sheet .
